issue_time,time,time_local,lead_h,p10,p50,p90,effective_lead_h,weather_lead_h,weather_reference_time
2026-01-31 23:00,2026-02-01 00:00,2026-02-01 05:00,24,0.0,0.0,0.1518,1,48,2026-01-30 00:00
2026-01-31 23:00,2026-02-01 01:00,2026-02-01 06:00,24,0.0,0.0,0.1948,2,48,2026-01-30 01:00
2026-01-31 23:00,2026-02-01 02:00,2026-02-01 07:00,24,0.0,0.0365,0.479,3,48,2026-01-30 02:00
2026-01-31 23:00,2026-02-01 03:00,2026-02-01 08:00,24,0.0,0.0,0.3657,4,48,2026-01-30 03:00
2026-01-31 23:00,2026-02-01 04:00,2026-02-01 09:00,24,0.0,0.0,0.4876,5,48,2026-01-30 04:00
2026-01-31 23:00,2026-02-01 05:00,2026-02-01 10:00,24,0.0354,0.1093,0.7515,6,48,2026-01-30 05:00
2026-01-31 23:00,2026-02-01 06:00,2026-02-01 11:00,24,0.0233,0.2267,0.7815,7,48,2026-01-30 06:00
2026-01-31 23:00,2026-02-01 07:00,2026-02-01 12:00,24,0.0287,0.4625,0.876,8,48,2026-01-30 07:00
2026-01-31 23:00,2026-02-01 08:00,2026-02-01 13:00,24,0.0855,0.4954,0.8886,9,48,2026-01-30 08:00
2026-01-31 23:00,2026-02-01 09:00,2026-02-01 14:00,24,0.1025,0.5223,0.904,10,48,2026-01-30 09:00
2026-01-31 23:00,2026-02-01 10:00,2026-02-01 15:00,24,0.0555,0.4933,0.8889,11,48,2026-01-30 10:00
2026-01-31 23:00,2026-02-01 11:00,2026-02-01 16:00,24,0.1155,0.3742,0.8937,12,48,2026-01-30 11:00
2026-01-31 23:00,2026-02-01 12:00,2026-02-01 17:00,24,0.0116,0.173,0.7249,13,48,2026-01-30 12:00
2026-01-31 23:00,2026-02-01 13:00,2026-02-01 18:00,24,0.0212,0.1952,0.7416,14,48,2026-01-30 13:00
2026-01-31 23:00,2026-02-01 14:00,2026-02-01 19:00,24,0.0342,0.209,0.8295,15,48,2026-01-30 14:00
2026-01-31 23:00,2026-02-01 15:00,2026-02-01 20:00,24,0.036,0.1779,0.8537,16,48,2026-01-30 15:00
2026-01-31 23:00,2026-02-01 16:00,2026-02-01 21:00,24,0.0356,0.1685,0.8599,17,48,2026-01-30 16:00
2026-01-31 23:00,2026-02-01 17:00,2026-02-01 22:00,24,0.0386,0.1752,0.8885,18,48,2026-01-30 17:00
2026-01-31 23:00,2026-02-01 18:00,2026-02-01 23:00,24,0.0116,0.1256,0.7086,19,48,2026-01-30 18:00
2026-01-31 23:00,2026-02-01 19:00,2026-02-02 00:00,24,0.02,0.1707,0.8081,20,48,2026-01-30 19:00
2026-01-31 23:00,2026-02-01 20:00,2026-02-02 01:00,24,0.0582,0.2723,0.9186,21,48,2026-01-30 20:00
2026-01-31 23:00,2026-02-01 21:00,2026-02-02 02:00,24,0.1989,0.2955,0.9014,22,48,2026-01-30 21:00
2026-01-31 23:00,2026-02-01 22:00,2026-02-02 03:00,24,0.2015,0.428,0.903,23,48,2026-01-30 22:00
2026-01-31 23:00,2026-02-01 23:00,2026-02-02 04:00,24,0.3378,0.5478,0.9647,24,48,2026-01-30 23:00
2026-02-01 23:00,2026-02-02 00:00,2026-02-02 05:00,24,0.5534,0.5635,1.0,1,48,2026-01-31 00:00
2026-02-01 23:00,2026-02-02 01:00,2026-02-02 06:00,24,0.5936,0.662,1.0,2,48,2026-01-31 01:00
2026-02-01 23:00,2026-02-02 02:00,2026-02-02 07:00,24,0.6733,0.7115,1.0,3,48,2026-01-31 02:00
2026-02-01 23:00,2026-02-02 03:00,2026-02-02 08:00,24,0.7969,0.7969,1.0,4,48,2026-01-31 03:00
2026-02-01 23:00,2026-02-02 04:00,2026-02-02 09:00,24,0.5781,0.6958,1.0,5,48,2026-01-31 04:00
2026-02-01 23:00,2026-02-02 05:00,2026-02-02 10:00,24,0.8996,0.8996,1.0,6,48,2026-01-31 05:00
2026-02-01 23:00,2026-02-02 06:00,2026-02-02 11:00,24,0.555,0.7738,1.0,7,48,2026-01-31 06:00
2026-02-01 23:00,2026-02-02 07:00,2026-02-02 12:00,24,0.611,0.8368,1.0,8,48,2026-01-31 07:00
2026-02-01 23:00,2026-02-02 08:00,2026-02-02 13:00,24,0.6841,0.8588,1.0,9,48,2026-01-31 08:00
2026-02-01 23:00,2026-02-02 09:00,2026-02-02 14:00,24,0.714,0.8698,1.0,10,48,2026-01-31 09:00
2026-02-01 23:00,2026-02-02 10:00,2026-02-02 15:00,24,0.6922,0.8379,1.0,11,48,2026-01-31 10:00
2026-02-01 23:00,2026-02-02 11:00,2026-02-02 16:00,24,0.5965,0.7514,0.9914,12,48,2026-01-31 11:00
2026-02-01 23:00,2026-02-02 12:00,2026-02-02 17:00,24,0.4446,0.6655,1.0,13,48,2026-01-31 12:00
2026-02-01 23:00,2026-02-02 13:00,2026-02-02 18:00,24,0.0603,0.6364,0.956,14,48,2026-01-31 13:00
2026-02-01 23:00,2026-02-02 14:00,2026-02-02 19:00,24,0.1518,0.336,0.9705,15,48,2026-01-31 14:00
2026-02-01 23:00,2026-02-02 15:00,2026-02-02 20:00,24,0.0802,0.2012,0.7731,16,48,2026-01-31 15:00
2026-02-01 23:00,2026-02-02 16:00,2026-02-02 21:00,24,0.0581,0.1889,0.7785,17,48,2026-01-31 16:00
2026-02-01 23:00,2026-02-02 17:00,2026-02-02 22:00,24,0.0858,0.2888,0.7911,18,48,2026-01-31 17:00
2026-02-01 23:00,2026-02-02 18:00,2026-02-02 23:00,24,0.1528,0.3992,0.91,19,48,2026-01-31 18:00
2026-02-01 23:00,2026-02-02 19:00,2026-02-03 00:00,24,0.1432,0.307,0.904,20,48,2026-01-31 19:00
2026-02-01 23:00,2026-02-02 20:00,2026-02-03 01:00,24,0.2467,0.3871,0.9286,21,48,2026-01-31 20:00
2026-02-01 23:00,2026-02-02 21:00,2026-02-03 02:00,24,0.0908,0.3869,0.9368,22,48,2026-01-31 21:00
2026-02-01 23:00,2026-02-02 22:00,2026-02-03 03:00,24,0.3549,0.5343,0.957,23,48,2026-01-31 22:00
2026-02-01 23:00,2026-02-02 23:00,2026-02-03 04:00,24,0.6308,0.6308,0.9768,24,48,2026-01-31 23:00
2026-02-02 23:00,2026-02-03 00:00,2026-02-03 05:00,24,0.0,0.3299,0.8118,1,48,2026-02-01 00:00
2026-02-02 23:00,2026-02-03 01:00,2026-02-03 06:00,24,0.006,0.006,0.4658,2,48,2026-02-01 01:00
2026-02-02 23:00,2026-02-03 02:00,2026-02-03 07:00,24,0.0,0.0,0.6323,3,48,2026-02-01 02:00
2026-02-02 23:00,2026-02-03 03:00,2026-02-03 08:00,24,0.0,0.0468,0.3845,4,48,2026-02-01 03:00
2026-02-02 23:00,2026-02-03 04:00,2026-02-03 09:00,24,0.0,0.0307,0.5447,5,48,2026-02-01 04:00
2026-02-02 23:00,2026-02-03 05:00,2026-02-03 10:00,24,0.0,0.0114,0.4712,6,48,2026-02-01 05:00
2026-02-02 23:00,2026-02-03 06:00,2026-02-03 11:00,24,0.0,0.0634,0.3895,7,48,2026-02-01 06:00
2026-02-02 23:00,2026-02-03 07:00,2026-02-03 12:00,24,0.0,0.0855,0.3383,8,48,2026-02-01 07:00
2026-02-02 23:00,2026-02-03 08:00,2026-02-03 13:00,24,0.0,0.0527,0.3491,9,48,2026-02-01 08:00
2026-02-02 23:00,2026-02-03 09:00,2026-02-03 14:00,24,0.0,0.0602,0.3415,10,48,2026-02-01 09:00
2026-02-02 23:00,2026-02-03 10:00,2026-02-03 15:00,24,0.0,0.1161,0.4682,11,48,2026-02-01 10:00
2026-02-02 23:00,2026-02-03 11:00,2026-02-03 16:00,24,0.0,0.1225,0.6154,12,48,2026-02-01 11:00
2026-02-02 23:00,2026-02-03 12:00,2026-02-03 17:00,24,0.0477,0.2657,0.7652,13,48,2026-02-01 12:00
2026-02-02 23:00,2026-02-03 13:00,2026-02-03 18:00,24,0.0491,0.3264,0.8386,14,48,2026-02-01 13:00
2026-02-02 23:00,2026-02-03 14:00,2026-02-03 19:00,24,0.0242,0.3351,0.8193,15,48,2026-02-01 14:00
2026-02-02 23:00,2026-02-03 15:00,2026-02-03 20:00,24,0.0316,0.3532,0.8547,16,48,2026-02-01 15:00
2026-02-02 23:00,2026-02-03 16:00,2026-02-03 21:00,24,0.0,0.3215,0.7865,17,48,2026-02-01 16:00
2026-02-02 23:00,2026-02-03 17:00,2026-02-03 22:00,24,0.0384,0.355,0.8583,18,48,2026-02-01 17:00
2026-02-02 23:00,2026-02-03 18:00,2026-02-03 23:00,24,0.0847,0.3728,0.8384,19,48,2026-02-01 18:00
2026-02-02 23:00,2026-02-03 19:00,2026-02-04 00:00,24,0.0566,0.2894,0.8655,20,48,2026-02-01 19:00
2026-02-02 23:00,2026-02-03 20:00,2026-02-04 01:00,24,0.0507,0.3914,0.8385,21,48,2026-02-01 20:00
2026-02-02 23:00,2026-02-03 21:00,2026-02-04 02:00,24,0.0774,0.4161,0.9098,22,48,2026-02-01 21:00
2026-02-02 23:00,2026-02-03 22:00,2026-02-04 03:00,24,0.0542,0.4901,0.9542,23,48,2026-02-01 22:00
2026-02-02 23:00,2026-02-03 23:00,2026-02-04 04:00,24,0.1015,0.4542,1.0,24,48,2026-02-01 23:00
2026-02-03 23:00,2026-02-04 00:00,2026-02-04 05:00,24,0.0348,0.4904,0.9092,1,48,2026-02-02 00:00
2026-02-03 23:00,2026-02-04 01:00,2026-02-04 06:00,24,0.0562,0.5916,0.9966,2,48,2026-02-02 01:00
2026-02-03 23:00,2026-02-04 02:00,2026-02-04 07:00,24,0.0779,0.6071,1.0,3,48,2026-02-02 02:00
2026-02-03 23:00,2026-02-04 03:00,2026-02-04 08:00,24,0.074,0.5856,1.0,4,48,2026-02-02 03:00
2026-02-03 23:00,2026-02-04 04:00,2026-02-04 09:00,24,0.0441,0.5094,0.9252,5,48,2026-02-02 04:00
2026-02-03 23:00,2026-02-04 05:00,2026-02-04 10:00,24,0.0688,0.3199,0.867,6,48,2026-02-02 05:00
2026-02-03 23:00,2026-02-04 06:00,2026-02-04 11:00,24,0.0811,0.3456,0.937,7,48,2026-02-02 06:00
2026-02-03 23:00,2026-02-04 07:00,2026-02-04 12:00,24,0.0181,0.2967,0.9134,8,48,2026-02-02 07:00
2026-02-03 23:00,2026-02-04 08:00,2026-02-04 13:00,24,0.067,0.2685,0.82,9,48,2026-02-02 08:00
2026-02-03 23:00,2026-02-04 09:00,2026-02-04 14:00,24,0.07,0.2518,0.8143,10,48,2026-02-02 09:00
2026-02-03 23:00,2026-02-04 10:00,2026-02-04 15:00,24,0.0166,0.2778,0.7613,11,48,2026-02-02 10:00
2026-02-03 23:00,2026-02-04 11:00,2026-02-04 16:00,24,0.0,0.1033,0.6333,12,48,2026-02-02 11:00
2026-02-03 23:00,2026-02-04 12:00,2026-02-04 17:00,24,0.0,0.1197,0.4165,13,48,2026-02-02 12:00
2026-02-03 23:00,2026-02-04 13:00,2026-02-04 18:00,24,0.0,0.0771,0.4401,14,48,2026-02-02 13:00
2026-02-03 23:00,2026-02-04 14:00,2026-02-04 19:00,24,0.0,0.0378,0.5687,15,48,2026-02-02 14:00
2026-02-03 23:00,2026-02-04 15:00,2026-02-04 20:00,24,0.0,0.1514,0.6679,16,48,2026-02-02 15:00
2026-02-03 23:00,2026-02-04 16:00,2026-02-04 21:00,24,0.251,0.4788,0.9525,17,48,2026-02-02 16:00
2026-02-03 23:00,2026-02-04 17:00,2026-02-04 22:00,24,0.4513,0.6853,1.0,18,48,2026-02-02 17:00
2026-02-03 23:00,2026-02-04 18:00,2026-02-04 23:00,24,0.5565,0.7869,1.0,19,48,2026-02-02 18:00
2026-02-03 23:00,2026-02-04 19:00,2026-02-05 00:00,24,0.6276,0.8052,1.0,20,48,2026-02-02 19:00
2026-02-03 23:00,2026-02-04 20:00,2026-02-05 01:00,24,0.7618,0.8641,1.0,21,48,2026-02-02 20:00
2026-02-03 23:00,2026-02-04 21:00,2026-02-05 02:00,24,0.9046,0.9322,1.0,22,48,2026-02-02 21:00
2026-02-03 23:00,2026-02-04 22:00,2026-02-05 03:00,24,0.9449,0.9449,1.0,23,48,2026-02-02 22:00
2026-02-03 23:00,2026-02-04 23:00,2026-02-05 04:00,24,0.9543,0.9543,1.0,24,48,2026-02-02 23:00
2026-02-04 23:00,2026-02-05 00:00,2026-02-05 05:00,24,0.9328,0.9328,1.0,1,48,2026-02-03 00:00
2026-02-04 23:00,2026-02-05 01:00,2026-02-05 06:00,24,0.9861,0.9861,1.0,2,48,2026-02-03 01:00
2026-02-04 23:00,2026-02-05 02:00,2026-02-05 07:00,24,0.9861,0.9861,1.0,3,48,2026-02-03 02:00
2026-02-04 23:00,2026-02-05 03:00,2026-02-05 08:00,24,0.9861,0.9861,1.0,4,48,2026-02-03 03:00
2026-02-04 23:00,2026-02-05 04:00,2026-02-05 09:00,24,0.9861,0.9861,1.0,5,48,2026-02-03 04:00
2026-02-04 23:00,2026-02-05 05:00,2026-02-05 10:00,24,0.6616,0.8086,1.0,6,48,2026-02-03 05:00
2026-02-04 23:00,2026-02-05 06:00,2026-02-05 11:00,24,0.8341,0.8515,1.0,7,48,2026-02-03 06:00
2026-02-04 23:00,2026-02-05 07:00,2026-02-05 12:00,24,0.9215,0.9322,1.0,8,48,2026-02-03 07:00
2026-02-04 23:00,2026-02-05 08:00,2026-02-05 13:00,24,0.9861,0.9861,1.0,9,48,2026-02-03 08:00
2026-02-04 23:00,2026-02-05 09:00,2026-02-05 14:00,24,0.9861,0.9861,1.0,10,48,2026-02-03 09:00
2026-02-04 23:00,2026-02-05 10:00,2026-02-05 15:00,24,0.9861,0.9861,1.0,11,48,2026-02-03 10:00
2026-02-04 23:00,2026-02-05 11:00,2026-02-05 16:00,24,0.9861,0.9861,1.0,12,48,2026-02-03 11:00
2026-02-04 23:00,2026-02-05 12:00,2026-02-05 17:00,24,0.9861,0.9861,1.0,13,48,2026-02-03 12:00
2026-02-04 23:00,2026-02-05 13:00,2026-02-05 18:00,24,0.9861,0.9861,1.0,14,48,2026-02-03 13:00
2026-02-04 23:00,2026-02-05 14:00,2026-02-05 19:00,24,0.9373,0.9373,1.0,15,48,2026-02-03 14:00
2026-02-04 23:00,2026-02-05 15:00,2026-02-05 20:00,24,0.8485,0.8485,1.0,16,48,2026-02-03 15:00
2026-02-04 23:00,2026-02-05 16:00,2026-02-05 21:00,24,0.8463,0.8644,1.0,17,48,2026-02-03 16:00
2026-02-04 23:00,2026-02-05 17:00,2026-02-05 22:00,24,0.6972,0.7764,1.0,18,48,2026-02-03 17:00
2026-02-04 23:00,2026-02-05 18:00,2026-02-05 23:00,24,0.6416,0.7714,1.0,19,48,2026-02-03 18:00
2026-02-04 23:00,2026-02-05 19:00,2026-02-06 00:00,24,0.4447,0.7674,1.0,20,48,2026-02-03 19:00
2026-02-04 23:00,2026-02-05 20:00,2026-02-06 01:00,24,0.2803,0.6663,0.9946,21,48,2026-02-03 20:00
2026-02-04 23:00,2026-02-05 21:00,2026-02-06 02:00,24,0.4339,0.5758,1.0,22,48,2026-02-03 21:00
2026-02-04 23:00,2026-02-05 22:00,2026-02-06 03:00,24,0.1358,0.5249,1.0,23,48,2026-02-03 22:00
2026-02-04 23:00,2026-02-05 23:00,2026-02-06 04:00,24,0.0352,0.375,0.9358,24,48,2026-02-03 23:00
2026-02-05 23:00,2026-02-06 00:00,2026-02-06 05:00,24,0.0,0.0101,0.4126,1,48,2026-02-04 00:00
2026-02-05 23:00,2026-02-06 01:00,2026-02-06 06:00,24,0.0,0.0,0.3451,2,48,2026-02-04 01:00
2026-02-05 23:00,2026-02-06 02:00,2026-02-06 07:00,24,0.0,0.0559,0.2822,3,48,2026-02-04 02:00
2026-02-05 23:00,2026-02-06 03:00,2026-02-06 08:00,24,0.0,0.1275,0.5747,4,48,2026-02-04 03:00
2026-02-05 23:00,2026-02-06 04:00,2026-02-06 09:00,24,0.0049,0.2026,0.6265,5,48,2026-02-04 04:00
2026-02-05 23:00,2026-02-06 05:00,2026-02-06 10:00,24,0.0,0.3955,0.8174,6,48,2026-02-04 05:00
2026-02-05 23:00,2026-02-06 06:00,2026-02-06 11:00,24,0.2518,0.5152,0.9988,7,48,2026-02-04 06:00
2026-02-05 23:00,2026-02-06 07:00,2026-02-06 12:00,24,0.3152,0.6779,1.0,8,48,2026-02-04 07:00
2026-02-05 23:00,2026-02-06 08:00,2026-02-06 13:00,24,0.3745,0.744,1.0,9,48,2026-02-04 08:00
2026-02-05 23:00,2026-02-06 09:00,2026-02-06 14:00,24,0.9533,0.9533,1.0,10,48,2026-02-04 09:00
2026-02-05 23:00,2026-02-06 10:00,2026-02-06 15:00,24,0.93,0.9322,1.0,11,48,2026-02-04 10:00
2026-02-05 23:00,2026-02-06 11:00,2026-02-06 16:00,24,0.9661,0.9661,1.0,12,48,2026-02-04 11:00
2026-02-05 23:00,2026-02-06 12:00,2026-02-06 17:00,24,0.9724,0.9724,1.0,13,48,2026-02-04 12:00
2026-02-05 23:00,2026-02-06 13:00,2026-02-06 18:00,24,0.9821,0.9821,1.0,14,48,2026-02-04 13:00
2026-02-05 23:00,2026-02-06 14:00,2026-02-06 19:00,24,0.9667,0.9667,1.0,15,48,2026-02-04 14:00
2026-02-05 23:00,2026-02-06 15:00,2026-02-06 20:00,24,0.909,0.91,1.0,16,48,2026-02-04 15:00
2026-02-05 23:00,2026-02-06 16:00,2026-02-06 21:00,24,0.9579,0.9579,1.0,17,48,2026-02-04 16:00
2026-02-05 23:00,2026-02-06 17:00,2026-02-06 22:00,24,0.9525,0.9525,1.0,18,48,2026-02-04 17:00
2026-02-05 23:00,2026-02-06 18:00,2026-02-06 23:00,24,0.7222,0.8308,1.0,19,48,2026-02-04 18:00
2026-02-05 23:00,2026-02-06 19:00,2026-02-07 00:00,24,0.6119,0.7931,1.0,20,48,2026-02-04 19:00
2026-02-05 23:00,2026-02-06 20:00,2026-02-07 01:00,24,0.4105,0.7351,1.0,21,48,2026-02-04 20:00
2026-02-05 23:00,2026-02-06 21:00,2026-02-07 02:00,24,0.3153,0.6452,1.0,22,48,2026-02-04 21:00
2026-02-05 23:00,2026-02-06 22:00,2026-02-07 03:00,24,0.2045,0.5751,0.9957,23,48,2026-02-04 22:00
2026-02-05 23:00,2026-02-06 23:00,2026-02-07 04:00,24,0.1632,0.4677,0.9233,24,48,2026-02-04 23:00
2026-02-06 23:00,2026-02-07 00:00,2026-02-07 05:00,24,0.0016,0.1606,0.6256,1,48,2026-02-05 00:00
2026-02-06 23:00,2026-02-07 01:00,2026-02-07 06:00,24,0.0,0.0598,0.4865,2,48,2026-02-05 01:00
2026-02-06 23:00,2026-02-07 02:00,2026-02-07 07:00,24,0.0,0.0236,0.36,3,48,2026-02-05 02:00
2026-02-06 23:00,2026-02-07 03:00,2026-02-07 08:00,24,0.0,0.058,0.3135,4,48,2026-02-05 03:00
2026-02-06 23:00,2026-02-07 04:00,2026-02-07 09:00,24,0.0,0.0,0.3221,5,48,2026-02-05 04:00
2026-02-06 23:00,2026-02-07 05:00,2026-02-07 10:00,24,0.0,0.0735,0.5868,6,48,2026-02-05 05:00
2026-02-06 23:00,2026-02-07 06:00,2026-02-07 11:00,24,0.0,0.1696,0.6018,7,48,2026-02-05 06:00
2026-02-06 23:00,2026-02-07 07:00,2026-02-07 12:00,24,0.0,0.1156,0.6092,8,48,2026-02-05 07:00
2026-02-06 23:00,2026-02-07 08:00,2026-02-07 13:00,24,0.0,0.1589,0.693,9,48,2026-02-05 08:00
2026-02-06 23:00,2026-02-07 09:00,2026-02-07 14:00,24,0.0,0.135,0.5721,10,48,2026-02-05 09:00
2026-02-06 23:00,2026-02-07 10:00,2026-02-07 15:00,24,0.0,0.0922,0.4778,11,48,2026-02-05 10:00
2026-02-06 23:00,2026-02-07 11:00,2026-02-07 16:00,24,0.0,0.059,0.4039,12,48,2026-02-05 11:00
2026-02-06 23:00,2026-02-07 12:00,2026-02-07 17:00,24,0.0,0.0694,0.372,13,48,2026-02-05 12:00
2026-02-06 23:00,2026-02-07 13:00,2026-02-07 18:00,24,0.0039,0.0897,0.5084,14,48,2026-02-05 13:00
2026-02-06 23:00,2026-02-07 14:00,2026-02-07 19:00,24,0.1206,0.3769,0.8578,15,48,2026-02-05 14:00
2026-02-06 23:00,2026-02-07 15:00,2026-02-07 20:00,24,0.0536,0.4657,0.9415,16,48,2026-02-05 15:00
2026-02-06 23:00,2026-02-07 16:00,2026-02-07 21:00,24,0.0947,0.4337,0.9941,17,48,2026-02-05 16:00
2026-02-06 23:00,2026-02-07 17:00,2026-02-07 22:00,24,0.0788,0.4772,0.9667,18,48,2026-02-05 17:00
2026-02-06 23:00,2026-02-07 18:00,2026-02-07 23:00,24,0.1159,0.4514,0.9281,19,48,2026-02-05 18:00
2026-02-06 23:00,2026-02-07 19:00,2026-02-08 00:00,24,0.1836,0.5345,0.9342,20,48,2026-02-05 19:00
2026-02-06 23:00,2026-02-07 20:00,2026-02-08 01:00,24,0.2753,0.6003,0.9691,21,48,2026-02-05 20:00
2026-02-06 23:00,2026-02-07 21:00,2026-02-08 02:00,24,0.2671,0.6226,0.9867,22,48,2026-02-05 21:00
2026-02-06 23:00,2026-02-07 22:00,2026-02-08 03:00,24,0.3125,0.6493,0.9882,23,48,2026-02-05 22:00
2026-02-06 23:00,2026-02-07 23:00,2026-02-08 04:00,24,0.3145,0.6673,0.9944,24,48,2026-02-05 23:00
2026-02-07 23:00,2026-02-08 00:00,2026-02-08 05:00,24,0.144,0.4993,0.9675,1,48,2026-02-06 00:00
2026-02-07 23:00,2026-02-08 01:00,2026-02-08 06:00,24,0.0,0.4105,0.8905,2,48,2026-02-06 01:00
2026-02-07 23:00,2026-02-08 02:00,2026-02-08 07:00,24,0.0118,0.3891,0.9052,3,48,2026-02-06 02:00
2026-02-07 23:00,2026-02-08 03:00,2026-02-08 08:00,24,0.0,0.4013,0.8713,4,48,2026-02-06 03:00
2026-02-07 23:00,2026-02-08 04:00,2026-02-08 09:00,24,0.0078,0.1519,0.81,5,48,2026-02-06 04:00
2026-02-07 23:00,2026-02-08 05:00,2026-02-08 10:00,24,0.0,0.028,0.5428,6,48,2026-02-06 05:00
2026-02-07 23:00,2026-02-08 06:00,2026-02-08 11:00,24,0.0,0.043,0.2394,7,48,2026-02-06 06:00
2026-02-07 23:00,2026-02-08 07:00,2026-02-08 12:00,24,0.0,0.0318,0.2917,8,48,2026-02-06 07:00
2026-02-07 23:00,2026-02-08 08:00,2026-02-08 13:00,24,0.0,0.032,0.248,9,48,2026-02-06 08:00
2026-02-07 23:00,2026-02-08 09:00,2026-02-08 14:00,24,0.0,0.096,0.4201,10,48,2026-02-06 09:00
2026-02-07 23:00,2026-02-08 10:00,2026-02-08 15:00,24,0.0666,0.3215,0.737,11,48,2026-02-06 10:00
2026-02-07 23:00,2026-02-08 11:00,2026-02-08 16:00,24,0.5292,0.6554,0.9642,12,48,2026-02-06 11:00
2026-02-07 23:00,2026-02-08 12:00,2026-02-08 17:00,24,0.8797,0.9322,1.0,13,48,2026-02-06 12:00
2026-02-07 23:00,2026-02-08 13:00,2026-02-08 18:00,24,0.9861,0.9861,1.0,14,48,2026-02-06 13:00
2026-02-07 23:00,2026-02-08 14:00,2026-02-08 19:00,24,0.9861,0.9861,1.0,15,48,2026-02-06 14:00
2026-02-07 23:00,2026-02-08 15:00,2026-02-08 20:00,24,0.9861,0.9861,1.0,16,48,2026-02-06 15:00
2026-02-07 23:00,2026-02-08 16:00,2026-02-08 21:00,24,0.9861,0.9861,1.0,17,48,2026-02-06 16:00
2026-02-07 23:00,2026-02-08 17:00,2026-02-08 22:00,24,0.9861,0.9861,1.0,18,48,2026-02-06 17:00
2026-02-07 23:00,2026-02-08 18:00,2026-02-08 23:00,24,0.9861,0.9861,1.0,19,48,2026-02-06 18:00
2026-02-07 23:00,2026-02-08 19:00,2026-02-09 00:00,24,0.9861,0.9861,1.0,20,48,2026-02-06 19:00
2026-02-07 23:00,2026-02-08 20:00,2026-02-09 01:00,24,0.9861,0.9861,1.0,21,48,2026-02-06 20:00
2026-02-07 23:00,2026-02-08 21:00,2026-02-09 02:00,24,0.9861,0.9861,1.0,22,48,2026-02-06 21:00
2026-02-07 23:00,2026-02-08 22:00,2026-02-09 03:00,24,0.9861,0.9861,1.0,23,48,2026-02-06 22:00
2026-02-07 23:00,2026-02-08 23:00,2026-02-09 04:00,24,0.9861,0.9861,1.0,24,48,2026-02-06 23:00
2026-02-08 23:00,2026-02-09 00:00,2026-02-09 05:00,24,0.9861,0.9861,1.0,1,48,2026-02-07 00:00
2026-02-08 23:00,2026-02-09 01:00,2026-02-09 06:00,24,0.9204,0.9322,1.0,2,48,2026-02-07 01:00
2026-02-08 23:00,2026-02-09 02:00,2026-02-09 07:00,24,0.9294,0.9322,1.0,3,48,2026-02-07 02:00
2026-02-08 23:00,2026-02-09 03:00,2026-02-09 08:00,24,0.7762,0.8424,1.0,4,48,2026-02-07 03:00
2026-02-08 23:00,2026-02-09 04:00,2026-02-09 09:00,24,0.7679,0.7987,1.0,5,48,2026-02-07 04:00
2026-02-08 23:00,2026-02-09 05:00,2026-02-09 10:00,24,0.6412,0.7875,1.0,6,48,2026-02-07 05:00
2026-02-08 23:00,2026-02-09 06:00,2026-02-09 11:00,24,0.6541,0.7924,0.9991,7,48,2026-02-07 06:00
2026-02-08 23:00,2026-02-09 07:00,2026-02-09 12:00,24,0.582,0.7459,0.9976,8,48,2026-02-07 07:00
2026-02-08 23:00,2026-02-09 08:00,2026-02-09 13:00,24,0.6398,0.7869,1.0,9,48,2026-02-07 08:00
2026-02-08 23:00,2026-02-09 09:00,2026-02-09 14:00,24,0.6223,0.8803,1.0,10,48,2026-02-07 09:00
2026-02-08 23:00,2026-02-09 10:00,2026-02-09 15:00,24,0.6701,0.9085,1.0,11,48,2026-02-07 10:00
2026-02-08 23:00,2026-02-09 11:00,2026-02-09 16:00,24,0.7309,0.8861,1.0,12,48,2026-02-07 11:00
2026-02-08 23:00,2026-02-09 12:00,2026-02-09 17:00,24,0.7595,0.8754,1.0,13,48,2026-02-07 12:00
2026-02-08 23:00,2026-02-09 13:00,2026-02-09 18:00,24,0.7156,0.8193,1.0,14,48,2026-02-07 13:00
2026-02-08 23:00,2026-02-09 14:00,2026-02-09 19:00,24,0.6641,0.7943,0.9833,15,48,2026-02-07 14:00
2026-02-08 23:00,2026-02-09 15:00,2026-02-09 20:00,24,0.3292,0.5746,1.0,16,48,2026-02-07 15:00
2026-02-08 23:00,2026-02-09 16:00,2026-02-09 21:00,24,0.0416,0.4793,0.8736,17,48,2026-02-07 16:00
2026-02-08 23:00,2026-02-09 17:00,2026-02-09 22:00,24,0.0,0.2226,0.6139,18,48,2026-02-07 17:00
2026-02-08 23:00,2026-02-09 18:00,2026-02-09 23:00,24,0.0135,0.1828,0.6472,19,48,2026-02-07 18:00
2026-02-08 23:00,2026-02-09 19:00,2026-02-10 00:00,24,0.0586,0.3122,0.7807,20,48,2026-02-07 19:00
2026-02-08 23:00,2026-02-09 20:00,2026-02-10 01:00,24,0.0606,0.3762,0.8811,21,48,2026-02-07 20:00
2026-02-08 23:00,2026-02-09 21:00,2026-02-10 02:00,24,0.0529,0.2796,0.8981,22,48,2026-02-07 21:00
2026-02-08 23:00,2026-02-09 22:00,2026-02-10 03:00,24,0.1147,0.3325,0.8987,23,48,2026-02-07 22:00
2026-02-08 23:00,2026-02-09 23:00,2026-02-10 04:00,24,0.1102,0.4312,0.8129,24,48,2026-02-07 23:00
2026-02-09 23:00,2026-02-10 00:00,2026-02-10 05:00,24,0.0158,0.0891,0.8001,1,48,2026-02-08 00:00
2026-02-09 23:00,2026-02-10 01:00,2026-02-10 06:00,24,0.1725,0.6257,0.9511,2,48,2026-02-08 01:00
2026-02-09 23:00,2026-02-10 02:00,2026-02-10 07:00,24,0.0,0.462,0.9039,3,48,2026-02-08 02:00
2026-02-09 23:00,2026-02-10 03:00,2026-02-10 08:00,24,0.0,0.3758,0.9084,4,48,2026-02-08 03:00
2026-02-09 23:00,2026-02-10 04:00,2026-02-10 09:00,24,0.0,0.4263,0.9742,5,48,2026-02-08 04:00
2026-02-09 23:00,2026-02-10 05:00,2026-02-10 10:00,24,0.0246,0.3534,0.9457,6,48,2026-02-08 05:00
2026-02-09 23:00,2026-02-10 06:00,2026-02-10 11:00,24,0.0048,0.4116,0.8747,7,48,2026-02-08 06:00
2026-02-09 23:00,2026-02-10 07:00,2026-02-10 12:00,24,0.015,0.3479,0.7934,8,48,2026-02-08 07:00
2026-02-09 23:00,2026-02-10 08:00,2026-02-10 13:00,24,0.0042,0.4823,1.0,9,48,2026-02-08 08:00
2026-02-09 23:00,2026-02-10 09:00,2026-02-10 14:00,24,0.1043,0.4088,0.9409,10,48,2026-02-08 09:00
2026-02-09 23:00,2026-02-10 10:00,2026-02-10 15:00,24,0.1058,0.4147,0.8984,11,48,2026-02-08 10:00
2026-02-09 23:00,2026-02-10 11:00,2026-02-10 16:00,24,0.0256,0.4246,0.8594,12,48,2026-02-08 11:00
2026-02-09 23:00,2026-02-10 12:00,2026-02-10 17:00,24,0.0351,0.3644,0.9807,13,48,2026-02-08 12:00
2026-02-09 23:00,2026-02-10 13:00,2026-02-10 18:00,24,0.0487,0.4424,0.9999,14,48,2026-02-08 13:00
2026-02-09 23:00,2026-02-10 14:00,2026-02-10 19:00,24,0.0011,0.3257,0.7729,15,48,2026-02-08 14:00
2026-02-09 23:00,2026-02-10 15:00,2026-02-10 20:00,24,0.0,0.3899,0.6853,16,48,2026-02-08 15:00
2026-02-09 23:00,2026-02-10 16:00,2026-02-10 21:00,24,0.0294,0.6947,0.9482,17,48,2026-02-08 16:00
2026-02-09 23:00,2026-02-10 17:00,2026-02-10 22:00,24,0.3273,0.6822,0.9715,18,48,2026-02-08 17:00
2026-02-09 23:00,2026-02-10 18:00,2026-02-10 23:00,24,0.9861,0.9861,1.0,19,48,2026-02-08 18:00
2026-02-09 23:00,2026-02-10 19:00,2026-02-11 00:00,24,0.9861,0.9861,1.0,20,48,2026-02-08 19:00
2026-02-09 23:00,2026-02-10 20:00,2026-02-11 01:00,24,0.9861,0.9861,1.0,21,48,2026-02-08 20:00
2026-02-09 23:00,2026-02-10 21:00,2026-02-11 02:00,24,0.9796,0.9796,1.0,22,48,2026-02-08 21:00
2026-02-09 23:00,2026-02-10 22:00,2026-02-11 03:00,24,0.727,0.9034,1.0,23,48,2026-02-08 22:00
2026-02-09 23:00,2026-02-10 23:00,2026-02-11 04:00,24,0.859,0.9321,1.0,24,48,2026-02-08 23:00
2026-02-10 23:00,2026-02-11 00:00,2026-02-11 05:00,24,0.0911,0.2321,0.9095,1,48,2026-02-09 00:00
2026-02-10 23:00,2026-02-11 01:00,2026-02-11 06:00,24,0.0,0.0389,0.4742,2,48,2026-02-09 01:00
2026-02-10 23:00,2026-02-11 02:00,2026-02-11 07:00,24,0.0,0.0,0.4737,3,48,2026-02-09 02:00
2026-02-10 23:00,2026-02-11 03:00,2026-02-11 08:00,24,0.0,0.0302,0.436,4,48,2026-02-09 03:00
2026-02-10 23:00,2026-02-11 04:00,2026-02-11 09:00,24,0.0,0.0194,0.3677,5,48,2026-02-09 04:00
2026-02-10 23:00,2026-02-11 05:00,2026-02-11 10:00,24,0.0,0.1816,0.6181,6,48,2026-02-09 05:00
2026-02-10 23:00,2026-02-11 06:00,2026-02-11 11:00,24,0.0501,0.3121,0.8934,7,48,2026-02-09 06:00
2026-02-10 23:00,2026-02-11 07:00,2026-02-11 12:00,24,0.0332,0.4337,0.9641,8,48,2026-02-09 07:00
2026-02-10 23:00,2026-02-11 08:00,2026-02-11 13:00,24,0.1119,0.4842,1.0,9,48,2026-02-09 08:00
2026-02-10 23:00,2026-02-11 09:00,2026-02-11 14:00,24,0.0104,0.5158,0.8487,10,48,2026-02-09 09:00
2026-02-10 23:00,2026-02-11 10:00,2026-02-11 15:00,24,0.1818,0.4992,0.9633,11,48,2026-02-09 10:00
2026-02-10 23:00,2026-02-11 11:00,2026-02-11 16:00,24,0.2297,0.6371,1.0,12,48,2026-02-09 11:00
2026-02-10 23:00,2026-02-11 12:00,2026-02-11 17:00,24,0.5063,0.8215,0.9963,13,48,2026-02-09 12:00
2026-02-10 23:00,2026-02-11 13:00,2026-02-11 18:00,24,0.6014,0.8411,0.9959,14,48,2026-02-09 13:00
2026-02-10 23:00,2026-02-11 14:00,2026-02-11 19:00,24,0.7074,0.8421,0.999,15,48,2026-02-09 14:00
2026-02-10 23:00,2026-02-11 15:00,2026-02-11 20:00,24,0.944,0.944,1.0,16,48,2026-02-09 15:00
2026-02-10 23:00,2026-02-11 16:00,2026-02-11 21:00,24,0.9101,0.9101,1.0,17,48,2026-02-09 16:00
2026-02-10 23:00,2026-02-11 17:00,2026-02-11 22:00,24,0.7264,0.8284,1.0,18,48,2026-02-09 17:00
2026-02-10 23:00,2026-02-11 18:00,2026-02-11 23:00,24,0.5395,0.7339,1.0,19,48,2026-02-09 18:00
2026-02-10 23:00,2026-02-11 19:00,2026-02-12 00:00,24,0.5551,0.7559,1.0,20,48,2026-02-09 19:00
2026-02-10 23:00,2026-02-11 20:00,2026-02-12 01:00,24,0.5199,0.7797,1.0,21,48,2026-02-09 20:00
2026-02-10 23:00,2026-02-11 21:00,2026-02-12 02:00,24,0.3806,0.6846,1.0,22,48,2026-02-09 21:00
2026-02-10 23:00,2026-02-11 22:00,2026-02-12 03:00,24,0.2725,0.7701,1.0,23,48,2026-02-09 22:00
2026-02-10 23:00,2026-02-11 23:00,2026-02-12 04:00,24,0.1947,0.5677,1.0,24,48,2026-02-09 23:00
2026-02-11 23:00,2026-02-12 00:00,2026-02-12 05:00,24,0.0,0.4189,0.9349,1,48,2026-02-10 00:00
2026-02-11 23:00,2026-02-12 01:00,2026-02-12 06:00,24,0.0,0.308,0.8541,2,48,2026-02-10 01:00
2026-02-11 23:00,2026-02-12 02:00,2026-02-12 07:00,24,0.0,0.1462,0.6726,3,48,2026-02-10 02:00
2026-02-11 23:00,2026-02-12 03:00,2026-02-12 08:00,24,0.0,0.073,0.5877,4,48,2026-02-10 03:00
2026-02-11 23:00,2026-02-12 04:00,2026-02-12 09:00,24,0.0,0.0221,0.4392,5,48,2026-02-10 04:00
2026-02-11 23:00,2026-02-12 05:00,2026-02-12 10:00,24,0.0,0.0,0.3215,6,48,2026-02-10 05:00
2026-02-11 23:00,2026-02-12 06:00,2026-02-12 11:00,24,0.0,0.0,0.3494,7,48,2026-02-10 06:00
2026-02-11 23:00,2026-02-12 07:00,2026-02-12 12:00,24,0.0,0.0,0.1845,8,48,2026-02-10 07:00
2026-02-11 23:00,2026-02-12 08:00,2026-02-12 13:00,24,0.0,0.0,0.1276,9,48,2026-02-10 08:00
2026-02-11 23:00,2026-02-12 09:00,2026-02-12 14:00,24,0.0,0.0,0.1982,10,48,2026-02-10 09:00
2026-02-11 23:00,2026-02-12 10:00,2026-02-12 15:00,24,0.0,0.0,0.3087,11,48,2026-02-10 10:00
2026-02-11 23:00,2026-02-12 11:00,2026-02-12 16:00,24,0.0,0.0011,0.2853,12,48,2026-02-10 11:00
2026-02-11 23:00,2026-02-12 12:00,2026-02-12 17:00,24,0.0,0.0246,0.3264,13,48,2026-02-10 12:00
2026-02-11 23:00,2026-02-12 13:00,2026-02-12 18:00,24,0.0,0.0881,0.4168,14,48,2026-02-10 13:00
2026-02-11 23:00,2026-02-12 14:00,2026-02-12 19:00,24,0.0017,0.1071,0.4622,15,48,2026-02-10 14:00
2026-02-11 23:00,2026-02-12 15:00,2026-02-12 20:00,24,0.0084,0.2064,0.6142,16,48,2026-02-10 15:00
2026-02-11 23:00,2026-02-12 16:00,2026-02-12 21:00,24,0.0447,0.2158,0.7349,17,48,2026-02-10 16:00
2026-02-11 23:00,2026-02-12 17:00,2026-02-12 22:00,24,0.0401,0.2788,0.8338,18,48,2026-02-10 17:00
2026-02-11 23:00,2026-02-12 18:00,2026-02-12 23:00,24,0.062,0.2729,0.8024,19,48,2026-02-10 18:00
2026-02-11 23:00,2026-02-12 19:00,2026-02-13 00:00,24,0.0486,0.2604,0.8115,20,48,2026-02-10 19:00
2026-02-11 23:00,2026-02-12 20:00,2026-02-13 01:00,24,0.0357,0.1218,0.6896,21,48,2026-02-10 20:00
2026-02-11 23:00,2026-02-12 21:00,2026-02-13 02:00,24,0.0242,0.0772,0.6194,22,48,2026-02-10 21:00
2026-02-11 23:00,2026-02-12 22:00,2026-02-13 03:00,24,0.0,0.1188,0.5018,23,48,2026-02-10 22:00
2026-02-11 23:00,2026-02-12 23:00,2026-02-13 04:00,24,0.0,0.14,0.4437,24,48,2026-02-10 23:00
2026-02-12 23:00,2026-02-13 00:00,2026-02-13 05:00,24,0.0,0.0,0.156,1,48,2026-02-11 00:00
2026-02-12 23:00,2026-02-13 01:00,2026-02-13 06:00,24,0.0,0.0,0.2304,2,48,2026-02-11 01:00
2026-02-12 23:00,2026-02-13 02:00,2026-02-13 07:00,24,0.0,0.0,0.1136,3,48,2026-02-11 02:00
2026-02-12 23:00,2026-02-13 03:00,2026-02-13 08:00,24,0.0,0.0,0.1109,4,48,2026-02-11 03:00
2026-02-12 23:00,2026-02-13 04:00,2026-02-13 09:00,24,0.0,0.0,0.1397,5,48,2026-02-11 04:00
2026-02-12 23:00,2026-02-13 05:00,2026-02-13 10:00,24,0.0,0.0,0.1846,6,48,2026-02-11 05:00
2026-02-12 23:00,2026-02-13 06:00,2026-02-13 11:00,24,0.0,0.0,0.0603,7,48,2026-02-11 06:00
2026-02-12 23:00,2026-02-13 07:00,2026-02-13 12:00,24,0.0,0.0,0.0597,8,48,2026-02-11 07:00
2026-02-12 23:00,2026-02-13 08:00,2026-02-13 13:00,24,0.0,0.0,0.0596,9,48,2026-02-11 08:00
2026-02-12 23:00,2026-02-13 09:00,2026-02-13 14:00,24,0.0,0.0,0.0407,10,48,2026-02-11 09:00
2026-02-12 23:00,2026-02-13 10:00,2026-02-13 15:00,24,0.0,0.0668,0.2557,11,48,2026-02-11 10:00
2026-02-12 23:00,2026-02-13 11:00,2026-02-13 16:00,24,0.0,0.0254,0.2058,12,48,2026-02-11 11:00
2026-02-12 23:00,2026-02-13 12:00,2026-02-13 17:00,24,0.0,0.0,0.2911,13,48,2026-02-11 12:00
2026-02-12 23:00,2026-02-13 13:00,2026-02-13 18:00,24,0.0,0.0,0.2128,14,48,2026-02-11 13:00
2026-02-12 23:00,2026-02-13 14:00,2026-02-13 19:00,24,0.0,0.0555,0.4069,15,48,2026-02-11 14:00
2026-02-12 23:00,2026-02-13 15:00,2026-02-13 20:00,24,0.0,0.1367,0.5419,16,48,2026-02-11 15:00
2026-02-12 23:00,2026-02-13 16:00,2026-02-13 21:00,24,0.0,0.1313,0.4296,17,48,2026-02-11 16:00
2026-02-12 23:00,2026-02-13 17:00,2026-02-13 22:00,24,0.0066,0.2327,0.7745,18,48,2026-02-11 17:00
2026-02-12 23:00,2026-02-13 18:00,2026-02-13 23:00,24,0.0567,0.393,0.953,19,48,2026-02-11 18:00
2026-02-12 23:00,2026-02-13 19:00,2026-02-14 00:00,24,0.2426,0.6013,1.0,20,48,2026-02-11 19:00
2026-02-12 23:00,2026-02-13 20:00,2026-02-14 01:00,24,0.3701,0.7282,1.0,21,48,2026-02-11 20:00
2026-02-12 23:00,2026-02-13 21:00,2026-02-14 02:00,24,0.4556,0.7295,1.0,22,48,2026-02-11 21:00
2026-02-12 23:00,2026-02-13 22:00,2026-02-14 03:00,24,0.5375,0.7569,1.0,23,48,2026-02-11 22:00
2026-02-12 23:00,2026-02-13 23:00,2026-02-14 04:00,24,0.4536,0.7209,1.0,24,48,2026-02-11 23:00
2026-02-13 23:00,2026-02-14 00:00,2026-02-14 05:00,24,0.1019,0.3109,1.0,1,48,2026-02-12 00:00
2026-02-13 23:00,2026-02-14 01:00,2026-02-14 06:00,24,0.1971,0.3583,0.9845,2,48,2026-02-12 01:00
2026-02-13 23:00,2026-02-14 02:00,2026-02-14 07:00,24,0.2982,0.3513,0.8949,3,48,2026-02-12 02:00
2026-02-13 23:00,2026-02-14 03:00,2026-02-14 08:00,24,0.2448,0.3326,0.7973,4,48,2026-02-12 03:00
2026-02-13 23:00,2026-02-14 04:00,2026-02-14 09:00,24,0.0131,0.1504,0.7468,5,48,2026-02-12 04:00
2026-02-13 23:00,2026-02-14 05:00,2026-02-14 10:00,24,0.0508,0.2779,0.8893,6,48,2026-02-12 05:00
2026-02-13 23:00,2026-02-14 06:00,2026-02-14 11:00,24,0.0,0.3005,0.8589,7,48,2026-02-12 06:00
2026-02-13 23:00,2026-02-14 07:00,2026-02-14 12:00,24,0.0,0.3196,0.912,8,48,2026-02-12 07:00
2026-02-13 23:00,2026-02-14 08:00,2026-02-14 13:00,24,0.0287,0.3145,0.8487,9,48,2026-02-12 08:00
2026-02-13 23:00,2026-02-14 09:00,2026-02-14 14:00,24,0.0114,0.279,0.7947,10,48,2026-02-12 09:00
2026-02-13 23:00,2026-02-14 10:00,2026-02-14 15:00,24,0.0018,0.1182,0.6196,11,48,2026-02-12 10:00
2026-02-13 23:00,2026-02-14 11:00,2026-02-14 16:00,24,0.0387,0.2893,0.734,12,48,2026-02-12 11:00
2026-02-13 23:00,2026-02-14 12:00,2026-02-14 17:00,24,0.06,0.3112,0.8904,13,48,2026-02-12 12:00
2026-02-13 23:00,2026-02-14 13:00,2026-02-14 18:00,24,0.1208,0.5147,0.8433,14,48,2026-02-12 13:00
2026-02-13 23:00,2026-02-14 14:00,2026-02-14 19:00,24,0.0391,0.3087,0.8884,15,48,2026-02-12 14:00
2026-02-13 23:00,2026-02-14 15:00,2026-02-14 20:00,24,0.0085,0.257,0.7628,16,48,2026-02-12 15:00
2026-02-13 23:00,2026-02-14 16:00,2026-02-14 21:00,24,0.0,0.2295,0.5609,17,48,2026-02-12 16:00
2026-02-13 23:00,2026-02-14 17:00,2026-02-14 22:00,24,0.0,0.1088,0.5201,18,48,2026-02-12 17:00
2026-02-13 23:00,2026-02-14 18:00,2026-02-14 23:00,24,0.0,0.157,0.5479,19,48,2026-02-12 18:00
2026-02-13 23:00,2026-02-14 19:00,2026-02-15 00:00,24,0.0,0.1073,0.5658,20,48,2026-02-12 19:00
2026-02-13 23:00,2026-02-14 20:00,2026-02-15 01:00,24,0.0,0.038,0.3516,21,48,2026-02-12 20:00
2026-02-13 23:00,2026-02-14 21:00,2026-02-15 02:00,24,0.0,0.0288,0.1931,22,48,2026-02-12 21:00
2026-02-13 23:00,2026-02-14 22:00,2026-02-15 03:00,24,0.0,0.0,0.0327,23,48,2026-02-12 22:00
2026-02-13 23:00,2026-02-14 23:00,2026-02-15 04:00,24,0.0,0.0,0.2525,24,48,2026-02-12 23:00
2026-02-14 23:00,2026-02-15 00:00,2026-02-15 05:00,24,0.0,0.009,0.4611,1,48,2026-02-13 00:00
2026-02-14 23:00,2026-02-15 01:00,2026-02-15 06:00,24,0.0,0.0093,0.5815,2,48,2026-02-13 01:00
2026-02-14 23:00,2026-02-15 02:00,2026-02-15 07:00,24,0.0184,0.0946,0.7185,3,48,2026-02-13 02:00
2026-02-14 23:00,2026-02-15 03:00,2026-02-15 08:00,24,0.0,0.2973,0.9403,4,48,2026-02-13 03:00
2026-02-14 23:00,2026-02-15 04:00,2026-02-15 09:00,24,0.3749,0.4031,0.974,5,48,2026-02-13 04:00
2026-02-14 23:00,2026-02-15 05:00,2026-02-15 10:00,24,0.3337,0.6233,0.9894,6,48,2026-02-13 05:00
2026-02-14 23:00,2026-02-15 06:00,2026-02-15 11:00,24,0.5051,0.572,0.9949,7,48,2026-02-13 06:00
2026-02-14 23:00,2026-02-15 07:00,2026-02-15 12:00,24,0.498,0.6768,0.9993,8,48,2026-02-13 07:00
2026-02-14 23:00,2026-02-15 08:00,2026-02-15 13:00,24,0.5235,0.7137,1.0,9,48,2026-02-13 08:00
2026-02-14 23:00,2026-02-15 09:00,2026-02-15 14:00,24,0.6072,0.7426,1.0,10,48,2026-02-13 09:00
2026-02-14 23:00,2026-02-15 10:00,2026-02-15 15:00,24,0.5683,0.7778,1.0,11,48,2026-02-13 10:00
2026-02-14 23:00,2026-02-15 11:00,2026-02-15 16:00,24,0.5628,0.7442,1.0,12,48,2026-02-13 11:00
2026-02-14 23:00,2026-02-15 12:00,2026-02-15 17:00,24,0.6822,0.8108,1.0,13,48,2026-02-13 12:00
2026-02-14 23:00,2026-02-15 13:00,2026-02-15 18:00,24,0.7586,0.8917,1.0,14,48,2026-02-13 13:00
2026-02-14 23:00,2026-02-15 14:00,2026-02-15 19:00,24,0.7734,0.9074,1.0,15,48,2026-02-13 14:00
2026-02-14 23:00,2026-02-15 15:00,2026-02-15 20:00,24,0.7744,0.8962,1.0,16,48,2026-02-13 15:00
2026-02-14 23:00,2026-02-15 16:00,2026-02-15 21:00,24,0.8985,0.8985,1.0,17,48,2026-02-13 16:00
2026-02-14 23:00,2026-02-15 17:00,2026-02-15 22:00,24,0.8911,0.8911,1.0,18,48,2026-02-13 17:00
2026-02-14 23:00,2026-02-15 18:00,2026-02-15 23:00,24,0.8828,0.8828,1.0,19,48,2026-02-13 18:00
2026-02-14 23:00,2026-02-15 19:00,2026-02-16 00:00,24,0.8031,0.8059,1.0,20,48,2026-02-13 19:00
2026-02-14 23:00,2026-02-15 20:00,2026-02-16 01:00,24,0.7171,0.7948,1.0,21,48,2026-02-13 20:00
2026-02-14 23:00,2026-02-15 21:00,2026-02-16 02:00,24,0.6644,0.7765,1.0,22,48,2026-02-13 21:00
2026-02-14 23:00,2026-02-15 22:00,2026-02-16 03:00,24,0.7301,0.7634,1.0,23,48,2026-02-13 22:00
2026-02-14 23:00,2026-02-15 23:00,2026-02-16 04:00,24,0.2626,0.6022,0.9187,24,48,2026-02-13 23:00
2026-02-15 23:00,2026-02-16 00:00,2026-02-16 05:00,24,0.6402,0.6402,1.0,1,48,2026-02-14 00:00
2026-02-15 23:00,2026-02-16 01:00,2026-02-16 06:00,24,0.3749,0.5041,0.982,2,48,2026-02-14 01:00
2026-02-15 23:00,2026-02-16 02:00,2026-02-16 07:00,24,0.1787,0.4289,1.0,3,48,2026-02-14 02:00
2026-02-15 23:00,2026-02-16 03:00,2026-02-16 08:00,24,0.201,0.4405,0.9856,4,48,2026-02-14 03:00
2026-02-15 23:00,2026-02-16 04:00,2026-02-16 09:00,24,0.6621,0.6621,1.0,5,48,2026-02-14 04:00
2026-02-15 23:00,2026-02-16 05:00,2026-02-16 10:00,24,0.6232,0.6232,0.9882,6,48,2026-02-14 05:00
2026-02-15 23:00,2026-02-16 06:00,2026-02-16 11:00,24,0.2974,0.5903,0.9879,7,48,2026-02-14 06:00
2026-02-15 23:00,2026-02-16 07:00,2026-02-16 12:00,24,0.2814,0.6187,0.9736,8,48,2026-02-14 07:00
2026-02-15 23:00,2026-02-16 08:00,2026-02-16 13:00,24,0.2931,0.6593,0.9799,9,48,2026-02-14 08:00
2026-02-15 23:00,2026-02-16 09:00,2026-02-16 14:00,24,0.2995,0.7197,0.9964,10,48,2026-02-14 09:00
2026-02-15 23:00,2026-02-16 10:00,2026-02-16 15:00,24,0.3363,0.712,0.9905,11,48,2026-02-14 10:00
2026-02-15 23:00,2026-02-16 11:00,2026-02-16 16:00,24,0.3985,0.7261,0.9873,12,48,2026-02-14 11:00
2026-02-15 23:00,2026-02-16 12:00,2026-02-16 17:00,24,0.4784,0.7654,1.0,13,48,2026-02-14 12:00
2026-02-15 23:00,2026-02-16 13:00,2026-02-16 18:00,24,0.5047,0.7892,0.9987,14,48,2026-02-14 13:00
2026-02-15 23:00,2026-02-16 14:00,2026-02-16 19:00,24,0.4942,0.7974,1.0,15,48,2026-02-14 14:00
2026-02-15 23:00,2026-02-16 15:00,2026-02-16 20:00,24,0.45,0.7468,1.0,16,48,2026-02-14 15:00
2026-02-15 23:00,2026-02-16 16:00,2026-02-16 21:00,24,0.5083,0.7146,1.0,17,48,2026-02-14 16:00
2026-02-15 23:00,2026-02-16 17:00,2026-02-16 22:00,24,0.5266,0.7159,1.0,18,48,2026-02-14 17:00
2026-02-15 23:00,2026-02-16 18:00,2026-02-16 23:00,24,0.5333,0.8045,1.0,19,48,2026-02-14 18:00
2026-02-15 23:00,2026-02-16 19:00,2026-02-17 00:00,24,0.5616,0.7781,1.0,20,48,2026-02-14 19:00
2026-02-15 23:00,2026-02-16 20:00,2026-02-17 01:00,24,0.5199,0.7229,1.0,21,48,2026-02-14 20:00
2026-02-15 23:00,2026-02-16 21:00,2026-02-17 02:00,24,0.4776,0.7501,1.0,22,48,2026-02-14 21:00
2026-02-15 23:00,2026-02-16 22:00,2026-02-17 03:00,24,0.4826,0.7395,1.0,23,48,2026-02-14 22:00
2026-02-15 23:00,2026-02-16 23:00,2026-02-17 04:00,24,0.3396,0.6475,0.9859,24,48,2026-02-14 23:00
2026-02-16 23:00,2026-02-17 00:00,2026-02-17 05:00,24,0.0,0.1927,0.6362,1,48,2026-02-15 00:00
2026-02-16 23:00,2026-02-17 01:00,2026-02-17 06:00,24,0.0,0.0497,0.5434,2,48,2026-02-15 01:00
2026-02-16 23:00,2026-02-17 02:00,2026-02-17 07:00,24,0.0,0.0372,0.6042,3,48,2026-02-15 02:00
2026-02-16 23:00,2026-02-17 03:00,2026-02-17 08:00,24,0.0,0.0476,0.6345,4,48,2026-02-15 03:00
2026-02-16 23:00,2026-02-17 04:00,2026-02-17 09:00,24,0.0,0.0363,0.6233,5,48,2026-02-15 04:00
2026-02-16 23:00,2026-02-17 05:00,2026-02-17 10:00,24,0.0154,0.0866,0.6319,6,48,2026-02-15 05:00
2026-02-16 23:00,2026-02-17 06:00,2026-02-17 11:00,24,0.0639,0.3399,0.8615,7,48,2026-02-15 06:00
2026-02-16 23:00,2026-02-17 07:00,2026-02-17 12:00,24,0.0207,0.3721,0.9236,8,48,2026-02-15 07:00
2026-02-16 23:00,2026-02-17 08:00,2026-02-17 13:00,24,0.0741,0.3967,0.9203,9,48,2026-02-15 08:00
2026-02-16 23:00,2026-02-17 09:00,2026-02-17 14:00,24,0.0624,0.407,0.9496,10,48,2026-02-15 09:00
2026-02-16 23:00,2026-02-17 10:00,2026-02-17 15:00,24,0.1432,0.4667,0.9224,11,48,2026-02-15 10:00
2026-02-16 23:00,2026-02-17 11:00,2026-02-17 16:00,24,0.1566,0.5846,0.961,12,48,2026-02-15 11:00
2026-02-16 23:00,2026-02-17 12:00,2026-02-17 17:00,24,0.1285,0.5888,0.9763,13,48,2026-02-15 12:00
2026-02-16 23:00,2026-02-17 13:00,2026-02-17 18:00,24,0.2029,0.6518,1.0,14,48,2026-02-15 13:00
2026-02-16 23:00,2026-02-17 14:00,2026-02-17 19:00,24,0.2921,0.7335,1.0,15,48,2026-02-15 14:00
2026-02-16 23:00,2026-02-17 15:00,2026-02-17 20:00,24,0.3901,0.7305,1.0,16,48,2026-02-15 15:00
2026-02-16 23:00,2026-02-17 16:00,2026-02-17 21:00,24,0.4856,0.7784,1.0,17,48,2026-02-15 16:00
2026-02-16 23:00,2026-02-17 17:00,2026-02-17 22:00,24,0.7352,0.8158,1.0,18,48,2026-02-15 17:00
2026-02-16 23:00,2026-02-17 18:00,2026-02-17 23:00,24,0.37,0.7194,1.0,19,48,2026-02-15 18:00
2026-02-16 23:00,2026-02-17 19:00,2026-02-18 00:00,24,0.5954,0.7479,1.0,20,48,2026-02-15 19:00
2026-02-16 23:00,2026-02-17 20:00,2026-02-18 01:00,24,0.5235,0.7983,1.0,21,48,2026-02-15 20:00
2026-02-16 23:00,2026-02-17 21:00,2026-02-18 02:00,24,0.6148,0.8336,1.0,22,48,2026-02-15 21:00
2026-02-16 23:00,2026-02-17 22:00,2026-02-18 03:00,24,0.5983,0.879,1.0,23,48,2026-02-15 22:00
2026-02-16 23:00,2026-02-17 23:00,2026-02-18 04:00,24,0.6891,0.9035,1.0,24,48,2026-02-15 23:00
2026-02-17 23:00,2026-02-18 00:00,2026-02-18 05:00,24,0.6686,0.8668,1.0,1,48,2026-02-16 00:00
2026-02-17 23:00,2026-02-18 01:00,2026-02-18 06:00,24,0.7974,0.8819,1.0,2,48,2026-02-16 01:00
2026-02-17 23:00,2026-02-18 02:00,2026-02-18 07:00,24,0.8285,0.8882,1.0,3,48,2026-02-16 02:00
2026-02-17 23:00,2026-02-18 03:00,2026-02-18 08:00,24,0.7277,0.7563,1.0,4,48,2026-02-16 03:00
2026-02-17 23:00,2026-02-18 04:00,2026-02-18 09:00,24,0.7609,0.7609,1.0,5,48,2026-02-16 04:00
2026-02-17 23:00,2026-02-18 05:00,2026-02-18 10:00,24,0.6389,0.7437,1.0,6,48,2026-02-16 05:00
2026-02-17 23:00,2026-02-18 06:00,2026-02-18 11:00,24,0.7563,0.772,1.0,7,48,2026-02-16 06:00
2026-02-17 23:00,2026-02-18 07:00,2026-02-18 12:00,24,0.8405,0.904,1.0,8,48,2026-02-16 07:00
2026-02-17 23:00,2026-02-18 08:00,2026-02-18 13:00,24,0.7939,0.9322,1.0,9,48,2026-02-16 08:00
2026-02-17 23:00,2026-02-18 09:00,2026-02-18 14:00,24,0.8094,0.9322,1.0,10,48,2026-02-16 09:00
2026-02-17 23:00,2026-02-18 10:00,2026-02-18 15:00,24,0.7536,0.9322,1.0,11,48,2026-02-16 10:00
2026-02-17 23:00,2026-02-18 11:00,2026-02-18 16:00,24,0.6108,0.9322,1.0,12,48,2026-02-16 11:00
2026-02-17 23:00,2026-02-18 12:00,2026-02-18 17:00,24,0.6146,0.805,0.9997,13,48,2026-02-16 12:00
2026-02-17 23:00,2026-02-18 13:00,2026-02-18 18:00,24,0.5388,0.7376,1.0,14,48,2026-02-16 13:00
2026-02-17 23:00,2026-02-18 14:00,2026-02-18 19:00,24,0.5397,0.7417,1.0,15,48,2026-02-16 14:00
2026-02-17 23:00,2026-02-18 15:00,2026-02-18 20:00,24,0.5477,0.6928,0.9888,16,48,2026-02-16 15:00
2026-02-17 23:00,2026-02-18 16:00,2026-02-18 21:00,24,0.4701,0.7173,0.9991,17,48,2026-02-16 16:00
2026-02-17 23:00,2026-02-18 17:00,2026-02-18 22:00,24,0.5623,0.6938,0.9933,18,48,2026-02-16 17:00
2026-02-17 23:00,2026-02-18 18:00,2026-02-18 23:00,24,0.5921,0.7353,0.9989,19,48,2026-02-16 18:00
2026-02-17 23:00,2026-02-18 19:00,2026-02-19 00:00,24,0.4544,0.7281,1.0,20,48,2026-02-16 19:00
2026-02-17 23:00,2026-02-18 20:00,2026-02-19 01:00,24,0.5492,0.7478,1.0,21,48,2026-02-16 20:00
2026-02-17 23:00,2026-02-18 21:00,2026-02-19 02:00,24,0.5242,0.7287,1.0,22,48,2026-02-16 21:00
2026-02-17 23:00,2026-02-18 22:00,2026-02-19 03:00,24,0.5237,0.7213,0.9964,23,48,2026-02-16 22:00
2026-02-17 23:00,2026-02-18 23:00,2026-02-19 04:00,24,0.3113,0.6547,0.9663,24,48,2026-02-16 23:00
2026-02-18 23:00,2026-02-19 00:00,2026-02-19 05:00,24,0.5676,0.775,0.9993,1,48,2026-02-17 00:00
2026-02-18 23:00,2026-02-19 01:00,2026-02-19 06:00,24,0.5283,0.706,1.0,2,48,2026-02-17 01:00
2026-02-18 23:00,2026-02-19 02:00,2026-02-19 07:00,24,0.4339,0.721,0.9888,3,48,2026-02-17 02:00
2026-02-18 23:00,2026-02-19 03:00,2026-02-19 08:00,24,0.6214,0.6645,1.0,4,48,2026-02-17 03:00
2026-02-18 23:00,2026-02-19 04:00,2026-02-19 09:00,24,0.6151,0.6151,1.0,5,48,2026-02-17 04:00
2026-02-18 23:00,2026-02-19 05:00,2026-02-19 10:00,24,0.5846,0.6329,0.9758,6,48,2026-02-17 05:00
2026-02-18 23:00,2026-02-19 06:00,2026-02-19 11:00,24,0.1046,0.5365,0.9277,7,48,2026-02-17 06:00
2026-02-18 23:00,2026-02-19 07:00,2026-02-19 12:00,24,0.0524,0.5532,0.8642,8,48,2026-02-17 07:00
2026-02-18 23:00,2026-02-19 08:00,2026-02-19 13:00,24,0.0162,0.538,0.7234,9,48,2026-02-17 08:00
2026-02-18 23:00,2026-02-19 09:00,2026-02-19 14:00,24,0.0,0.4159,0.644,10,48,2026-02-17 09:00
2026-02-18 23:00,2026-02-19 10:00,2026-02-19 15:00,24,0.0,0.4313,0.6274,11,48,2026-02-17 10:00
2026-02-18 23:00,2026-02-19 11:00,2026-02-19 16:00,24,0.0,0.3987,0.5309,12,48,2026-02-17 11:00
2026-02-18 23:00,2026-02-19 12:00,2026-02-19 17:00,24,0.0,0.2516,0.5147,13,48,2026-02-17 12:00
2026-02-18 23:00,2026-02-19 13:00,2026-02-19 18:00,24,0.0,0.1345,0.6735,14,48,2026-02-17 13:00
2026-02-18 23:00,2026-02-19 14:00,2026-02-19 19:00,24,0.0,0.2564,0.5656,15,48,2026-02-17 14:00
2026-02-18 23:00,2026-02-19 15:00,2026-02-19 20:00,24,0.0,0.0887,0.4658,16,48,2026-02-17 15:00
2026-02-18 23:00,2026-02-19 16:00,2026-02-19 21:00,24,0.0,0.0815,0.4235,17,48,2026-02-17 16:00
2026-02-18 23:00,2026-02-19 17:00,2026-02-19 22:00,24,0.0,0.1527,0.5181,18,48,2026-02-17 17:00
2026-02-18 23:00,2026-02-19 18:00,2026-02-19 23:00,24,0.0,0.132,0.4927,19,48,2026-02-17 18:00
2026-02-18 23:00,2026-02-19 19:00,2026-02-20 00:00,24,0.0198,0.2713,0.7839,20,48,2026-02-17 19:00
2026-02-18 23:00,2026-02-19 20:00,2026-02-20 01:00,24,0.0248,0.411,0.9389,21,48,2026-02-17 20:00
2026-02-18 23:00,2026-02-19 21:00,2026-02-20 02:00,24,0.0792,0.402,0.8629,22,48,2026-02-17 21:00
2026-02-18 23:00,2026-02-19 22:00,2026-02-20 03:00,24,0.0,0.3633,0.8553,23,48,2026-02-17 22:00
2026-02-18 23:00,2026-02-19 23:00,2026-02-20 04:00,24,0.0,0.3086,0.9057,24,48,2026-02-17 23:00
2026-02-19 23:00,2026-02-20 00:00,2026-02-20 05:00,24,0.0488,0.4623,0.9532,1,48,2026-02-18 00:00
2026-02-19 23:00,2026-02-20 01:00,2026-02-20 06:00,24,0.1232,0.5464,0.9333,2,48,2026-02-18 01:00
2026-02-19 23:00,2026-02-20 02:00,2026-02-20 07:00,24,0.0868,0.4961,0.9699,3,48,2026-02-18 02:00
2026-02-19 23:00,2026-02-20 03:00,2026-02-20 08:00,24,0.0,0.4188,0.9387,4,48,2026-02-18 03:00
2026-02-19 23:00,2026-02-20 04:00,2026-02-20 09:00,24,0.0,0.2614,0.9235,5,48,2026-02-18 04:00
2026-02-19 23:00,2026-02-20 05:00,2026-02-20 10:00,24,0.0,0.1899,0.829,6,48,2026-02-18 05:00
2026-02-19 23:00,2026-02-20 06:00,2026-02-20 11:00,24,0.0,0.176,0.6011,7,48,2026-02-18 06:00
2026-02-19 23:00,2026-02-20 07:00,2026-02-20 12:00,24,0.0,0.1604,0.5017,8,48,2026-02-18 07:00
2026-02-19 23:00,2026-02-20 08:00,2026-02-20 13:00,24,0.0,0.1303,0.41,9,48,2026-02-18 08:00
2026-02-19 23:00,2026-02-20 09:00,2026-02-20 14:00,24,0.0,0.1777,0.3576,10,48,2026-02-18 09:00
2026-02-19 23:00,2026-02-20 10:00,2026-02-20 15:00,24,0.0,0.1876,0.3064,11,48,2026-02-18 10:00
2026-02-19 23:00,2026-02-20 11:00,2026-02-20 16:00,24,0.0,0.1617,0.3138,12,48,2026-02-18 11:00
2026-02-19 23:00,2026-02-20 12:00,2026-02-20 17:00,24,0.0,0.12,0.4807,13,48,2026-02-18 12:00
2026-02-19 23:00,2026-02-20 13:00,2026-02-20 18:00,24,0.0,0.2629,0.6332,14,48,2026-02-18 13:00
2026-02-19 23:00,2026-02-20 14:00,2026-02-20 19:00,24,0.0208,0.3357,0.7864,15,48,2026-02-18 14:00
2026-02-19 23:00,2026-02-20 15:00,2026-02-20 20:00,24,0.0103,0.8489,0.9626,16,48,2026-02-18 15:00
2026-02-19 23:00,2026-02-20 16:00,2026-02-20 21:00,24,0.1374,0.7503,0.9738,17,48,2026-02-18 16:00
2026-02-19 23:00,2026-02-20 17:00,2026-02-20 22:00,24,0.2383,0.6731,0.9777,18,48,2026-02-18 17:00
2026-02-19 23:00,2026-02-20 18:00,2026-02-20 23:00,24,0.138,0.6485,0.9662,19,48,2026-02-18 18:00
2026-02-19 23:00,2026-02-20 19:00,2026-02-21 00:00,24,0.3444,0.6743,1.0,20,48,2026-02-18 19:00
2026-02-19 23:00,2026-02-20 20:00,2026-02-21 01:00,24,0.3474,0.6266,1.0,21,48,2026-02-18 20:00
2026-02-19 23:00,2026-02-20 21:00,2026-02-21 02:00,24,0.3288,0.6111,1.0,22,48,2026-02-18 21:00
2026-02-19 23:00,2026-02-20 22:00,2026-02-21 03:00,24,0.3567,0.684,0.997,23,48,2026-02-18 22:00
2026-02-19 23:00,2026-02-20 23:00,2026-02-21 04:00,24,0.3286,0.6844,0.9643,24,48,2026-02-18 23:00
2026-02-20 23:00,2026-02-21 00:00,2026-02-21 05:00,24,0.319,0.5908,1.0,1,48,2026-02-19 00:00
2026-02-20 23:00,2026-02-21 01:00,2026-02-21 06:00,24,0.197,0.3817,0.9964,2,48,2026-02-19 01:00
2026-02-20 23:00,2026-02-21 02:00,2026-02-21 07:00,24,0.0597,0.2693,0.9627,3,48,2026-02-19 02:00
2026-02-20 23:00,2026-02-21 03:00,2026-02-21 08:00,24,0.1753,0.3177,1.0,4,48,2026-02-19 03:00
2026-02-20 23:00,2026-02-21 04:00,2026-02-21 09:00,24,0.0043,0.214,0.8694,5,48,2026-02-19 04:00
2026-02-20 23:00,2026-02-21 05:00,2026-02-21 10:00,24,0.0566,0.3837,0.8828,6,48,2026-02-19 05:00
2026-02-20 23:00,2026-02-21 06:00,2026-02-21 11:00,24,0.1916,0.4537,0.996,7,48,2026-02-19 06:00
2026-02-20 23:00,2026-02-21 07:00,2026-02-21 12:00,24,0.3382,0.5855,0.9891,8,48,2026-02-19 07:00
2026-02-20 23:00,2026-02-21 08:00,2026-02-21 13:00,24,0.2249,0.5572,0.9978,9,48,2026-02-19 08:00
2026-02-20 23:00,2026-02-21 09:00,2026-02-21 14:00,24,0.2887,0.6616,0.992,10,48,2026-02-19 09:00
2026-02-20 23:00,2026-02-21 10:00,2026-02-21 15:00,24,0.2018,0.577,0.9846,11,48,2026-02-19 10:00
2026-02-20 23:00,2026-02-21 11:00,2026-02-21 16:00,24,0.1154,0.4832,0.9559,12,48,2026-02-19 11:00
2026-02-20 23:00,2026-02-21 12:00,2026-02-21 17:00,24,0.0568,0.3236,0.9597,13,48,2026-02-19 12:00
2026-02-20 23:00,2026-02-21 13:00,2026-02-21 18:00,24,0.0127,0.3255,0.7984,14,48,2026-02-19 13:00
2026-02-20 23:00,2026-02-21 14:00,2026-02-21 19:00,24,0.0726,0.4244,0.7973,15,48,2026-02-19 14:00
2026-02-20 23:00,2026-02-21 15:00,2026-02-21 20:00,24,0.2905,0.6892,0.9884,16,48,2026-02-19 15:00
2026-02-20 23:00,2026-02-21 16:00,2026-02-21 21:00,24,0.3378,0.6396,1.0,17,48,2026-02-19 16:00
2026-02-20 23:00,2026-02-21 17:00,2026-02-21 22:00,24,0.3984,0.6014,1.0,18,48,2026-02-19 17:00
2026-02-20 23:00,2026-02-21 18:00,2026-02-21 23:00,24,0.3805,0.6324,0.965,19,48,2026-02-19 18:00
2026-02-20 23:00,2026-02-21 19:00,2026-02-22 00:00,24,0.302,0.6906,0.994,20,48,2026-02-19 19:00
2026-02-20 23:00,2026-02-21 20:00,2026-02-22 01:00,24,0.1659,0.5362,1.0,21,48,2026-02-19 20:00
2026-02-20 23:00,2026-02-21 21:00,2026-02-22 02:00,24,0.0085,0.421,0.9234,22,48,2026-02-19 21:00
2026-02-20 23:00,2026-02-21 22:00,2026-02-22 03:00,24,0.0,0.2999,0.9049,23,48,2026-02-19 22:00
2026-02-20 23:00,2026-02-21 23:00,2026-02-22 04:00,24,0.0097,0.2318,0.8679,24,48,2026-02-19 23:00
2026-02-21 23:00,2026-02-22 00:00,2026-02-22 05:00,24,0.0,0.0811,0.4606,1,48,2026-02-20 00:00
2026-02-21 23:00,2026-02-22 01:00,2026-02-22 06:00,24,0.0,0.0,0.3349,2,48,2026-02-20 01:00
2026-02-21 23:00,2026-02-22 02:00,2026-02-22 07:00,24,0.0,0.0,0.2832,3,48,2026-02-20 02:00
2026-02-21 23:00,2026-02-22 03:00,2026-02-22 08:00,24,0.0,0.0063,0.3865,4,48,2026-02-20 03:00
2026-02-21 23:00,2026-02-22 04:00,2026-02-22 09:00,24,0.0,0.0263,0.3378,5,48,2026-02-20 04:00
2026-02-21 23:00,2026-02-22 05:00,2026-02-22 10:00,24,0.0,0.0595,0.5404,6,48,2026-02-20 05:00
2026-02-21 23:00,2026-02-22 06:00,2026-02-22 11:00,24,0.0182,0.4432,0.9163,7,48,2026-02-20 06:00
2026-02-21 23:00,2026-02-22 07:00,2026-02-22 12:00,24,0.1083,0.5244,0.9453,8,48,2026-02-20 07:00
2026-02-21 23:00,2026-02-22 08:00,2026-02-22 13:00,24,0.2119,0.7514,0.9802,9,48,2026-02-20 08:00
2026-02-21 23:00,2026-02-22 09:00,2026-02-22 14:00,24,0.3541,0.8086,0.992,10,48,2026-02-20 09:00
2026-02-21 23:00,2026-02-22 10:00,2026-02-22 15:00,24,0.5968,0.8538,0.9974,11,48,2026-02-20 10:00
2026-02-21 23:00,2026-02-22 11:00,2026-02-22 16:00,24,0.4222,0.7979,0.9879,12,48,2026-02-20 11:00
2026-02-21 23:00,2026-02-22 12:00,2026-02-22 17:00,24,0.364,0.6642,0.9898,13,48,2026-02-20 12:00
2026-02-21 23:00,2026-02-22 13:00,2026-02-22 18:00,24,0.3546,0.7468,1.0,14,48,2026-02-20 13:00
2026-02-21 23:00,2026-02-22 14:00,2026-02-22 19:00,24,0.2713,0.6632,1.0,15,48,2026-02-20 14:00
2026-02-21 23:00,2026-02-22 15:00,2026-02-22 20:00,24,0.0817,0.4807,1.0,16,48,2026-02-20 15:00
2026-02-21 23:00,2026-02-22 16:00,2026-02-22 21:00,24,0.0366,0.4402,0.9436,17,48,2026-02-20 16:00
2026-02-21 23:00,2026-02-22 17:00,2026-02-22 22:00,24,0.0499,0.4444,0.9004,18,48,2026-02-20 17:00
2026-02-21 23:00,2026-02-22 18:00,2026-02-22 23:00,24,0.201,0.4647,0.9687,19,48,2026-02-20 18:00
2026-02-21 23:00,2026-02-22 19:00,2026-02-23 00:00,24,0.1722,0.4707,0.9695,20,48,2026-02-20 19:00
2026-02-21 23:00,2026-02-22 20:00,2026-02-23 01:00,24,0.1088,0.4224,0.957,21,48,2026-02-20 20:00
2026-02-21 23:00,2026-02-22 21:00,2026-02-23 02:00,24,0.0112,0.3857,0.8864,22,48,2026-02-20 21:00
2026-02-21 23:00,2026-02-22 22:00,2026-02-23 03:00,24,0.0,0.271,0.6903,23,48,2026-02-20 22:00
2026-02-21 23:00,2026-02-22 23:00,2026-02-23 04:00,24,0.0,0.0972,0.528,24,48,2026-02-20 23:00
2026-02-22 23:00,2026-02-23 00:00,2026-02-23 05:00,24,0.0,0.0,0.1307,1,48,2026-02-21 00:00
2026-02-22 23:00,2026-02-23 01:00,2026-02-23 06:00,24,0.0,0.0214,0.2178,2,48,2026-02-21 01:00
2026-02-22 23:00,2026-02-23 02:00,2026-02-23 07:00,24,0.0,0.0,0.2552,3,48,2026-02-21 02:00
2026-02-22 23:00,2026-02-23 03:00,2026-02-23 08:00,24,0.0,0.0,0.0431,4,48,2026-02-21 03:00
2026-02-22 23:00,2026-02-23 04:00,2026-02-23 09:00,24,0.0,0.0036,0.1049,5,48,2026-02-21 04:00
2026-02-22 23:00,2026-02-23 05:00,2026-02-23 10:00,24,0.0,0.0114,0.2974,6,48,2026-02-21 05:00
2026-02-22 23:00,2026-02-23 06:00,2026-02-23 11:00,24,0.0,0.0784,0.351,7,48,2026-02-21 06:00
2026-02-22 23:00,2026-02-23 07:00,2026-02-23 12:00,24,0.0,0.1505,0.6242,8,48,2026-02-21 07:00
2026-02-22 23:00,2026-02-23 08:00,2026-02-23 13:00,24,0.0,0.2721,0.5813,9,48,2026-02-21 08:00
2026-02-22 23:00,2026-02-23 09:00,2026-02-23 14:00,24,0.0054,0.3345,0.7881,10,48,2026-02-21 09:00
2026-02-22 23:00,2026-02-23 10:00,2026-02-23 15:00,24,0.0458,0.4125,0.8965,11,48,2026-02-21 10:00
2026-02-22 23:00,2026-02-23 11:00,2026-02-23 16:00,24,0.1264,0.5347,0.9522,12,48,2026-02-21 11:00
2026-02-22 23:00,2026-02-23 12:00,2026-02-23 17:00,24,0.3307,0.6563,1.0,13,48,2026-02-21 12:00
2026-02-22 23:00,2026-02-23 13:00,2026-02-23 18:00,24,0.4883,0.8034,1.0,14,48,2026-02-21 13:00
2026-02-22 23:00,2026-02-23 14:00,2026-02-23 19:00,24,0.4268,0.7279,0.9963,15,48,2026-02-21 14:00
2026-02-22 23:00,2026-02-23 15:00,2026-02-23 20:00,24,0.4911,0.7236,0.9989,16,48,2026-02-21 15:00
2026-02-22 23:00,2026-02-23 16:00,2026-02-23 21:00,24,0.3935,0.6735,1.0,17,48,2026-02-21 16:00
2026-02-22 23:00,2026-02-23 17:00,2026-02-23 22:00,24,0.4848,0.7629,0.9759,18,48,2026-02-21 17:00
2026-02-22 23:00,2026-02-23 18:00,2026-02-23 23:00,24,0.615,0.8327,0.9766,19,48,2026-02-21 18:00
2026-02-22 23:00,2026-02-23 19:00,2026-02-24 00:00,24,0.6228,0.8399,1.0,20,48,2026-02-21 19:00
2026-02-22 23:00,2026-02-23 20:00,2026-02-24 01:00,24,0.5164,0.7839,0.9941,21,48,2026-02-21 20:00
2026-02-22 23:00,2026-02-23 21:00,2026-02-24 02:00,24,0.4859,0.7396,0.989,22,48,2026-02-21 21:00
2026-02-22 23:00,2026-02-23 22:00,2026-02-24 03:00,24,0.5334,0.7,0.992,23,48,2026-02-21 22:00
2026-02-22 23:00,2026-02-23 23:00,2026-02-24 04:00,24,0.5944,0.7332,0.9907,24,48,2026-02-21 23:00
2026-02-23 23:00,2026-02-24 00:00,2026-02-24 05:00,24,0.2925,0.6726,0.9888,1,48,2026-02-22 00:00
2026-02-23 23:00,2026-02-24 01:00,2026-02-24 06:00,24,0.2678,0.5931,0.982,2,48,2026-02-22 01:00
2026-02-23 23:00,2026-02-24 02:00,2026-02-24 07:00,24,0.2191,0.5778,0.9682,3,48,2026-02-22 02:00
2026-02-23 23:00,2026-02-24 03:00,2026-02-24 08:00,24,0.1918,0.5635,0.9597,4,48,2026-02-22 03:00
2026-02-23 23:00,2026-02-24 04:00,2026-02-24 09:00,24,0.1044,0.4715,0.9487,5,48,2026-02-22 04:00
2026-02-23 23:00,2026-02-24 05:00,2026-02-24 10:00,24,0.1282,0.4431,0.9665,6,48,2026-02-22 05:00
2026-02-23 23:00,2026-02-24 06:00,2026-02-24 11:00,24,0.1001,0.3921,0.9687,7,48,2026-02-22 06:00
2026-02-23 23:00,2026-02-24 07:00,2026-02-24 12:00,24,0.092,0.4205,0.9661,8,48,2026-02-22 07:00
2026-02-23 23:00,2026-02-24 08:00,2026-02-24 13:00,24,0.0912,0.4696,0.9681,9,48,2026-02-22 08:00
2026-02-23 23:00,2026-02-24 09:00,2026-02-24 14:00,24,0.0734,0.551,0.9803,10,48,2026-02-22 09:00
2026-02-23 23:00,2026-02-24 10:00,2026-02-24 15:00,24,0.0801,0.4719,0.9807,11,48,2026-02-22 10:00
2026-02-23 23:00,2026-02-24 11:00,2026-02-24 16:00,24,0.0592,0.4311,0.9783,12,48,2026-02-22 11:00
2026-02-23 23:00,2026-02-24 12:00,2026-02-24 17:00,24,0.0455,0.4402,0.8714,13,48,2026-02-22 12:00
2026-02-23 23:00,2026-02-24 13:00,2026-02-24 18:00,24,0.1253,0.3789,0.9114,14,48,2026-02-22 13:00
2026-02-23 23:00,2026-02-24 14:00,2026-02-24 19:00,24,0.0658,0.3221,0.9136,15,48,2026-02-22 14:00
2026-02-23 23:00,2026-02-24 15:00,2026-02-24 20:00,24,0.0238,0.313,0.877,16,48,2026-02-22 15:00
2026-02-23 23:00,2026-02-24 16:00,2026-02-24 21:00,24,0.0485,0.2345,0.7792,17,48,2026-02-22 16:00
2026-02-23 23:00,2026-02-24 17:00,2026-02-24 22:00,24,0.005,0.1486,0.6929,18,48,2026-02-22 17:00
2026-02-23 23:00,2026-02-24 18:00,2026-02-24 23:00,24,0.0,0.0797,0.4598,19,48,2026-02-22 18:00
2026-02-23 23:00,2026-02-24 19:00,2026-02-25 00:00,24,0.0,0.1591,0.2269,20,48,2026-02-22 19:00
2026-02-23 23:00,2026-02-24 20:00,2026-02-25 01:00,24,0.0,0.0899,0.3333,21,48,2026-02-22 20:00
2026-02-23 23:00,2026-02-24 21:00,2026-02-25 02:00,24,0.0,0.0972,0.3065,22,48,2026-02-22 21:00
2026-02-23 23:00,2026-02-24 22:00,2026-02-25 03:00,24,0.0,0.0663,0.3086,23,48,2026-02-22 22:00
2026-02-23 23:00,2026-02-24 23:00,2026-02-25 04:00,24,0.0,0.1001,0.486,24,48,2026-02-22 23:00
2026-02-24 23:00,2026-02-25 00:00,2026-02-25 05:00,24,0.0,0.0128,0.5026,1,48,2026-02-23 00:00
2026-02-24 23:00,2026-02-25 01:00,2026-02-25 06:00,24,0.0,0.0086,0.451,2,48,2026-02-23 01:00
2026-02-24 23:00,2026-02-25 02:00,2026-02-25 07:00,24,0.0,0.004,0.5784,3,48,2026-02-23 02:00
2026-02-24 23:00,2026-02-25 03:00,2026-02-25 08:00,24,0.0,0.0854,0.8301,4,48,2026-02-23 03:00
2026-02-24 23:00,2026-02-25 04:00,2026-02-25 09:00,24,0.011,0.2615,0.9296,5,48,2026-02-23 04:00
2026-02-24 23:00,2026-02-25 05:00,2026-02-25 10:00,24,0.0402,0.4281,0.9516,6,48,2026-02-23 05:00
2026-02-24 23:00,2026-02-25 06:00,2026-02-25 11:00,24,0.1389,0.6217,0.9914,7,48,2026-02-23 06:00
2026-02-24 23:00,2026-02-25 07:00,2026-02-25 12:00,24,0.1455,0.6301,0.9791,8,48,2026-02-23 07:00
2026-02-24 23:00,2026-02-25 08:00,2026-02-25 13:00,24,0.1704,0.5722,0.9031,9,48,2026-02-23 08:00
2026-02-24 23:00,2026-02-25 09:00,2026-02-25 14:00,24,0.0478,0.5183,0.8219,10,48,2026-02-23 09:00
2026-02-24 23:00,2026-02-25 10:00,2026-02-25 15:00,24,0.0249,0.327,0.7856,11,48,2026-02-23 10:00
2026-02-24 23:00,2026-02-25 11:00,2026-02-25 16:00,24,0.0517,0.2912,0.7548,12,48,2026-02-23 11:00
2026-02-24 23:00,2026-02-25 12:00,2026-02-25 17:00,24,0.014,0.2166,0.6748,13,48,2026-02-23 12:00
2026-02-24 23:00,2026-02-25 13:00,2026-02-25 18:00,24,0.025,0.3372,0.8483,14,48,2026-02-23 13:00
2026-02-24 23:00,2026-02-25 14:00,2026-02-25 19:00,24,0.0307,0.2539,0.8497,15,48,2026-02-23 14:00
2026-02-24 23:00,2026-02-25 15:00,2026-02-25 20:00,24,0.1721,0.4211,0.8731,16,48,2026-02-23 15:00
2026-02-24 23:00,2026-02-25 16:00,2026-02-25 21:00,24,0.5398,0.7028,0.9791,17,48,2026-02-23 16:00
2026-02-24 23:00,2026-02-25 17:00,2026-02-25 22:00,24,0.4271,0.6847,1.0,18,48,2026-02-23 17:00
2026-02-24 23:00,2026-02-25 18:00,2026-02-25 23:00,24,0.5974,0.779,1.0,19,48,2026-02-23 18:00
2026-02-24 23:00,2026-02-25 19:00,2026-02-26 00:00,24,0.7093,0.7636,1.0,20,48,2026-02-23 19:00
2026-02-24 23:00,2026-02-25 20:00,2026-02-26 01:00,24,0.7646,0.8482,1.0,21,48,2026-02-23 20:00
2026-02-24 23:00,2026-02-25 21:00,2026-02-26 02:00,24,0.9107,0.9107,1.0,22,48,2026-02-23 21:00
2026-02-24 23:00,2026-02-25 22:00,2026-02-26 03:00,24,0.9472,0.9472,1.0,23,48,2026-02-23 22:00
2026-02-24 23:00,2026-02-25 23:00,2026-02-26 04:00,24,0.9364,0.9364,1.0,24,48,2026-02-23 23:00
2026-02-25 23:00,2026-02-26 00:00,2026-02-26 05:00,24,0.6307,0.6757,0.9998,1,48,2026-02-24 00:00
2026-02-25 23:00,2026-02-26 01:00,2026-02-26 06:00,24,0.4629,0.5935,0.9965,2,48,2026-02-24 01:00
2026-02-25 23:00,2026-02-26 02:00,2026-02-26 07:00,24,0.0074,0.425,0.9731,3,48,2026-02-24 02:00
2026-02-25 23:00,2026-02-26 03:00,2026-02-26 08:00,24,0.2593,0.6816,0.9701,4,48,2026-02-24 03:00
2026-02-25 23:00,2026-02-26 04:00,2026-02-26 09:00,24,0.151,0.341,0.9633,5,48,2026-02-24 04:00
2026-02-25 23:00,2026-02-26 05:00,2026-02-26 10:00,24,0.0,0.2854,0.8115,6,48,2026-02-24 05:00
2026-02-25 23:00,2026-02-26 06:00,2026-02-26 11:00,24,0.029,0.1076,0.7977,7,48,2026-02-24 06:00
2026-02-25 23:00,2026-02-26 07:00,2026-02-26 12:00,24,0.0,0.2705,0.686,8,48,2026-02-24 07:00
2026-02-25 23:00,2026-02-26 08:00,2026-02-26 13:00,24,0.005,0.2213,0.6384,9,48,2026-02-24 08:00
2026-02-25 23:00,2026-02-26 09:00,2026-02-26 14:00,24,0.0442,0.3573,0.8749,10,48,2026-02-24 09:00
2026-02-25 23:00,2026-02-26 10:00,2026-02-26 15:00,24,0.1017,0.4035,0.8407,11,48,2026-02-24 10:00
2026-02-25 23:00,2026-02-26 11:00,2026-02-26 16:00,24,0.0921,0.3705,0.9071,12,48,2026-02-24 11:00
2026-02-25 23:00,2026-02-26 12:00,2026-02-26 17:00,24,0.1911,0.4459,0.8967,13,48,2026-02-24 12:00
2026-02-25 23:00,2026-02-26 13:00,2026-02-26 18:00,24,0.2429,0.5704,1.0,14,48,2026-02-24 13:00
2026-02-25 23:00,2026-02-26 14:00,2026-02-26 19:00,24,0.2653,0.6398,0.9851,15,48,2026-02-24 14:00
2026-02-25 23:00,2026-02-26 15:00,2026-02-26 20:00,24,0.527,0.8691,1.0,16,48,2026-02-24 15:00
2026-02-25 23:00,2026-02-26 16:00,2026-02-26 21:00,24,0.5695,0.8394,1.0,17,48,2026-02-24 16:00
2026-02-25 23:00,2026-02-26 17:00,2026-02-26 22:00,24,0.5685,0.8143,1.0,18,48,2026-02-24 17:00
2026-02-25 23:00,2026-02-26 18:00,2026-02-26 23:00,24,0.3984,0.7903,0.9321,19,48,2026-02-24 18:00
2026-02-25 23:00,2026-02-26 19:00,2026-02-27 00:00,24,0.4845,0.8278,0.9434,20,48,2026-02-24 19:00
2026-02-25 23:00,2026-02-26 20:00,2026-02-27 01:00,24,0.5721,0.8652,0.9469,21,48,2026-02-24 20:00
2026-02-25 23:00,2026-02-26 21:00,2026-02-27 02:00,24,0.532,0.8572,0.9659,22,48,2026-02-24 21:00
2026-02-25 23:00,2026-02-26 22:00,2026-02-27 03:00,24,0.5356,0.7429,0.9634,23,48,2026-02-24 22:00
2026-02-25 23:00,2026-02-26 23:00,2026-02-27 04:00,24,0.5248,0.7232,0.9845,24,48,2026-02-24 23:00
2026-02-26 23:00,2026-02-27 00:00,2026-02-27 05:00,24,0.0939,0.3901,0.8628,1,48,2026-02-25 00:00
2026-02-26 23:00,2026-02-27 01:00,2026-02-27 06:00,24,0.0443,0.2908,0.8779,2,48,2026-02-25 01:00
2026-02-26 23:00,2026-02-27 02:00,2026-02-27 07:00,24,0.0,0.312,0.8742,3,48,2026-02-25 02:00
2026-02-26 23:00,2026-02-27 03:00,2026-02-27 08:00,24,0.0071,0.4227,0.8556,4,48,2026-02-25 03:00
2026-02-26 23:00,2026-02-27 04:00,2026-02-27 09:00,24,0.0,0.2275,0.7416,5,48,2026-02-25 04:00
2026-02-26 23:00,2026-02-27 05:00,2026-02-27 10:00,24,0.0,0.1371,0.7502,6,48,2026-02-25 05:00
2026-02-26 23:00,2026-02-27 06:00,2026-02-27 11:00,24,0.0024,0.2524,0.7166,7,48,2026-02-25 06:00
2026-02-26 23:00,2026-02-27 07:00,2026-02-27 12:00,24,0.0197,0.309,0.7692,8,48,2026-02-25 07:00
2026-02-26 23:00,2026-02-27 08:00,2026-02-27 13:00,24,0.0743,0.3778,0.9,9,48,2026-02-25 08:00
2026-02-26 23:00,2026-02-27 09:00,2026-02-27 14:00,24,0.1415,0.5039,0.922,10,48,2026-02-25 09:00
2026-02-26 23:00,2026-02-27 10:00,2026-02-27 15:00,24,0.0894,0.5369,0.931,11,48,2026-02-25 10:00
2026-02-26 23:00,2026-02-27 11:00,2026-02-27 16:00,24,0.2683,0.7198,0.9656,12,48,2026-02-25 11:00
2026-02-26 23:00,2026-02-27 12:00,2026-02-27 17:00,24,0.301,0.7548,0.976,13,48,2026-02-25 12:00
2026-02-26 23:00,2026-02-27 13:00,2026-02-27 18:00,24,0.4829,0.7505,0.984,14,48,2026-02-25 13:00
2026-02-26 23:00,2026-02-27 14:00,2026-02-27 19:00,24,0.4222,0.7073,0.9696,15,48,2026-02-25 14:00
2026-02-26 23:00,2026-02-27 15:00,2026-02-27 20:00,24,0.4,0.723,0.9674,16,48,2026-02-25 15:00
2026-02-26 23:00,2026-02-27 16:00,2026-02-27 21:00,24,0.4674,0.7323,0.9596,17,48,2026-02-25 16:00
2026-02-26 23:00,2026-02-27 17:00,2026-02-27 22:00,24,0.3684,0.7023,0.9323,18,48,2026-02-25 17:00
2026-02-26 23:00,2026-02-27 18:00,2026-02-27 23:00,24,0.3226,0.6429,0.9339,19,48,2026-02-25 18:00
2026-02-26 23:00,2026-02-27 19:00,2026-02-28 00:00,24,0.2328,0.5888,0.9477,20,48,2026-02-25 19:00
2026-02-26 23:00,2026-02-27 20:00,2026-02-28 01:00,24,0.2325,0.631,0.9641,21,48,2026-02-25 20:00
2026-02-26 23:00,2026-02-27 21:00,2026-02-28 02:00,24,0.2216,0.7567,0.9824,22,48,2026-02-25 21:00
2026-02-26 23:00,2026-02-27 22:00,2026-02-28 03:00,24,0.2909,0.7421,0.9666,23,48,2026-02-25 22:00
2026-02-26 23:00,2026-02-27 23:00,2026-02-28 04:00,24,0.4135,0.8932,0.9697,24,48,2026-02-25 23:00
2026-02-27 23:00,2026-02-28 00:00,2026-02-28 05:00,24,0.444,0.7629,0.9762,1,48,2026-02-26 00:00
2026-02-27 23:00,2026-02-28 01:00,2026-02-28 06:00,24,0.4436,0.6733,0.972,2,48,2026-02-26 01:00
2026-02-27 23:00,2026-02-28 02:00,2026-02-28 07:00,24,0.3882,0.6675,0.9663,3,48,2026-02-26 02:00
2026-02-27 23:00,2026-02-28 03:00,2026-02-28 08:00,24,0.4471,0.691,0.9664,4,48,2026-02-26 03:00
2026-02-27 23:00,2026-02-28 04:00,2026-02-28 09:00,24,0.4443,0.7099,0.9762,5,48,2026-02-26 04:00
2026-02-27 23:00,2026-02-28 05:00,2026-02-28 10:00,24,0.3626,0.6397,0.9693,6,48,2026-02-26 05:00
2026-02-27 23:00,2026-02-28 06:00,2026-02-28 11:00,24,0.2567,0.7132,0.9316,7,48,2026-02-26 06:00
2026-02-27 23:00,2026-02-28 07:00,2026-02-28 12:00,24,0.2715,0.665,0.9676,8,48,2026-02-26 07:00
2026-02-27 23:00,2026-02-28 08:00,2026-02-28 13:00,24,0.2718,0.647,0.9601,9,48,2026-02-26 08:00
2026-02-27 23:00,2026-02-28 09:00,2026-02-28 14:00,24,0.3241,0.7189,0.9767,10,48,2026-02-26 09:00
2026-02-27 23:00,2026-02-28 10:00,2026-02-28 15:00,24,0.3464,0.7161,0.9725,11,48,2026-02-26 10:00
2026-02-27 23:00,2026-02-28 11:00,2026-02-28 16:00,24,0.3818,0.6971,0.9679,12,48,2026-02-26 11:00
2026-02-27 23:00,2026-02-28 12:00,2026-02-28 17:00,24,0.3707,0.8361,0.9591,13,48,2026-02-26 12:00
2026-02-27 23:00,2026-02-28 13:00,2026-02-28 18:00,24,0.4054,0.855,0.9593,14,48,2026-02-26 13:00
2026-02-27 23:00,2026-02-28 14:00,2026-02-28 19:00,24,0.2622,0.7649,0.9537,15,48,2026-02-26 14:00
2026-02-27 23:00,2026-02-28 15:00,2026-02-28 20:00,24,0.131,0.7899,0.9376,16,48,2026-02-26 15:00
2026-02-27 23:00,2026-02-28 16:00,2026-02-28 21:00,24,0.1687,0.6228,0.9448,17,48,2026-02-26 16:00
2026-02-27 23:00,2026-02-28 17:00,2026-02-28 22:00,24,0.0424,0.5709,0.9723,18,48,2026-02-26 17:00
2026-02-27 23:00,2026-02-28 18:00,2026-02-28 23:00,24,0.0296,0.3712,0.8449,19,48,2026-02-26 18:00
2026-02-27 23:00,2026-02-28 19:00,2026-03-01 00:00,24,0.0847,0.35,0.6861,20,48,2026-02-26 19:00
2026-02-27 23:00,2026-02-28 20:00,2026-03-01 01:00,24,0.0055,0.1925,0.5683,21,48,2026-02-26 20:00
2026-02-27 23:00,2026-02-28 21:00,2026-03-01 02:00,24,0.0142,0.1886,0.6198,22,48,2026-02-26 21:00
2026-02-27 23:00,2026-02-28 22:00,2026-03-01 03:00,24,0.0122,0.243,0.6407,23,48,2026-02-26 22:00
2026-02-27 23:00,2026-02-28 23:00,2026-03-01 04:00,24,0.0115,0.1189,0.526,24,48,2026-02-26 23:00
2026-01-30 23:00,2026-02-01 00:00,2026-02-01 05:00,48,0.0,0.0887,0.5308,25,72,2026-01-29 00:00
2026-01-30 23:00,2026-02-01 01:00,2026-02-01 06:00,48,0.0,0.0758,0.5459,26,72,2026-01-29 01:00
2026-01-30 23:00,2026-02-01 02:00,2026-02-01 07:00,48,0.0,0.0393,0.5514,27,72,2026-01-29 02:00
2026-01-30 23:00,2026-02-01 03:00,2026-02-01 08:00,48,0.0,0.0,0.4846,28,72,2026-01-29 03:00
2026-01-30 23:00,2026-02-01 04:00,2026-02-01 09:00,48,0.0,0.0,0.5016,29,72,2026-01-29 04:00
2026-01-30 23:00,2026-02-01 05:00,2026-02-01 10:00,48,0.0,0.0,0.5877,30,72,2026-01-29 05:00
2026-01-30 23:00,2026-02-01 06:00,2026-02-01 11:00,48,0.0049,0.4076,0.9849,31,72,2026-01-29 06:00
2026-01-30 23:00,2026-02-01 07:00,2026-02-01 12:00,48,0.0333,0.4738,1.0,32,72,2026-01-29 07:00
2026-01-30 23:00,2026-02-01 08:00,2026-02-01 13:00,48,0.0698,0.6201,1.0,33,72,2026-01-29 08:00
2026-01-30 23:00,2026-02-01 09:00,2026-02-01 14:00,48,0.0758,0.6401,1.0,34,72,2026-01-29 09:00
2026-01-30 23:00,2026-02-01 10:00,2026-02-01 15:00,48,0.0658,0.6523,1.0,35,72,2026-01-29 10:00
2026-01-30 23:00,2026-02-01 11:00,2026-02-01 16:00,48,0.0242,0.3388,0.9444,36,72,2026-01-29 11:00
2026-01-30 23:00,2026-02-01 12:00,2026-02-01 17:00,48,0.0,0.1528,0.5494,37,72,2026-01-29 12:00
2026-01-30 23:00,2026-02-01 13:00,2026-02-01 18:00,48,0.0,0.1793,0.5495,38,72,2026-01-29 13:00
2026-01-30 23:00,2026-02-01 14:00,2026-02-01 19:00,48,0.0,0.069,0.5056,39,72,2026-01-29 14:00
2026-01-30 23:00,2026-02-01 15:00,2026-02-01 20:00,48,0.0,0.094,0.4754,40,72,2026-01-29 15:00
2026-01-30 23:00,2026-02-01 16:00,2026-02-01 21:00,48,0.0,0.0697,0.4622,41,72,2026-01-29 16:00
2026-01-30 23:00,2026-02-01 17:00,2026-02-01 22:00,48,0.0,0.0505,0.5313,42,72,2026-01-29 17:00
2026-01-30 23:00,2026-02-01 18:00,2026-02-01 23:00,48,0.0,0.0,0.5802,43,72,2026-01-29 18:00
2026-01-30 23:00,2026-02-01 19:00,2026-02-02 00:00,48,0.0,0.0,0.473,44,72,2026-01-29 19:00
2026-01-30 23:00,2026-02-01 20:00,2026-02-02 01:00,48,0.0,0.0418,0.5064,45,72,2026-01-29 20:00
2026-01-30 23:00,2026-02-01 21:00,2026-02-02 02:00,48,0.0025,0.0387,0.5996,46,72,2026-01-29 21:00
2026-01-30 23:00,2026-02-01 22:00,2026-02-02 03:00,48,0.0,0.0642,0.7153,47,72,2026-01-29 22:00
2026-01-30 23:00,2026-02-01 23:00,2026-02-02 04:00,48,0.0077,0.1416,0.7782,48,72,2026-01-29 23:00
2026-01-31 23:00,2026-02-02 00:00,2026-02-02 05:00,48,0.7006,0.739,1.0,25,72,2026-01-30 00:00
2026-01-31 23:00,2026-02-02 01:00,2026-02-02 06:00,48,0.784,0.784,0.9729,26,72,2026-01-30 01:00
2026-01-31 23:00,2026-02-02 02:00,2026-02-02 07:00,48,0.5964,0.6934,0.9773,27,72,2026-01-30 02:00
2026-01-31 23:00,2026-02-02 03:00,2026-02-02 08:00,48,0.6487,0.6542,0.9765,28,72,2026-01-30 03:00
2026-01-31 23:00,2026-02-02 04:00,2026-02-02 09:00,48,0.8807,0.8807,1.0,29,72,2026-01-30 04:00
2026-01-31 23:00,2026-02-02 05:00,2026-02-02 10:00,48,0.5384,0.8053,1.0,30,72,2026-01-30 05:00
2026-01-31 23:00,2026-02-02 06:00,2026-02-02 11:00,48,0.6234,0.7434,1.0,31,72,2026-01-30 06:00
2026-01-31 23:00,2026-02-02 07:00,2026-02-02 12:00,48,0.623,0.7126,1.0,32,72,2026-01-30 07:00
2026-01-31 23:00,2026-02-02 08:00,2026-02-02 13:00,48,0.7586,0.7642,1.0,33,72,2026-01-30 08:00
2026-01-31 23:00,2026-02-02 09:00,2026-02-02 14:00,48,0.7284,0.8388,1.0,34,72,2026-01-30 09:00
2026-01-31 23:00,2026-02-02 10:00,2026-02-02 15:00,48,0.5741,0.7256,1.0,35,72,2026-01-30 10:00
2026-01-31 23:00,2026-02-02 11:00,2026-02-02 16:00,48,0.2273,0.6766,1.0,36,72,2026-01-30 11:00
2026-01-31 23:00,2026-02-02 12:00,2026-02-02 17:00,48,0.3987,0.6117,1.0,37,72,2026-01-30 12:00
2026-01-31 23:00,2026-02-02 13:00,2026-02-02 18:00,48,0.1077,0.4258,0.9957,38,72,2026-01-30 13:00
2026-01-31 23:00,2026-02-02 14:00,2026-02-02 19:00,48,0.1807,0.4356,1.0,39,72,2026-01-30 14:00
2026-01-31 23:00,2026-02-02 15:00,2026-02-02 20:00,48,0.1116,0.4007,0.9292,40,72,2026-01-30 15:00
2026-01-31 23:00,2026-02-02 16:00,2026-02-02 21:00,48,0.0386,0.445,0.9225,41,72,2026-01-30 16:00
2026-01-31 23:00,2026-02-02 17:00,2026-02-02 22:00,48,0.0257,0.4012,0.7886,42,72,2026-01-30 17:00
2026-01-31 23:00,2026-02-02 18:00,2026-02-02 23:00,48,0.0166,0.2646,0.7541,43,72,2026-01-30 18:00
2026-01-31 23:00,2026-02-02 19:00,2026-02-03 00:00,48,0.0249,0.287,0.7237,44,72,2026-01-30 19:00
2026-01-31 23:00,2026-02-02 20:00,2026-02-03 01:00,48,0.0119,0.353,0.7486,45,72,2026-01-30 20:00
2026-01-31 23:00,2026-02-02 21:00,2026-02-03 02:00,48,0.0147,0.326,0.7215,46,72,2026-01-30 21:00
2026-01-31 23:00,2026-02-02 22:00,2026-02-03 03:00,48,0.0,0.3335,0.5964,47,72,2026-01-30 22:00
2026-01-31 23:00,2026-02-02 23:00,2026-02-03 04:00,48,0.0108,0.1792,0.58,48,72,2026-01-30 23:00
2026-02-01 23:00,2026-02-03 00:00,2026-02-03 05:00,48,0.0404,0.2723,0.8397,25,72,2026-01-31 00:00
2026-02-01 23:00,2026-02-03 01:00,2026-02-03 06:00,48,0.0,0.0847,0.516,26,72,2026-01-31 01:00
2026-02-01 23:00,2026-02-03 02:00,2026-02-03 07:00,48,0.0,0.0,0.5867,27,72,2026-01-31 02:00
2026-02-01 23:00,2026-02-03 03:00,2026-02-03 08:00,48,0.0,0.0333,0.4179,28,72,2026-01-31 03:00
2026-02-01 23:00,2026-02-03 04:00,2026-02-03 09:00,48,0.0,0.1417,0.5852,29,72,2026-01-31 04:00
2026-02-01 23:00,2026-02-03 05:00,2026-02-03 10:00,48,0.0,0.0233,0.4652,30,72,2026-01-31 05:00
2026-02-01 23:00,2026-02-03 06:00,2026-02-03 11:00,48,0.0,0.1001,0.4246,31,72,2026-01-31 06:00
2026-02-01 23:00,2026-02-03 07:00,2026-02-03 12:00,48,0.0,0.0573,0.3495,32,72,2026-01-31 07:00
2026-02-01 23:00,2026-02-03 08:00,2026-02-03 13:00,48,0.0,0.0628,0.212,33,72,2026-01-31 08:00
2026-02-01 23:00,2026-02-03 09:00,2026-02-03 14:00,48,0.0,0.0597,0.3073,34,72,2026-01-31 09:00
2026-02-01 23:00,2026-02-03 10:00,2026-02-03 15:00,48,0.0,0.1311,0.5348,35,72,2026-01-31 10:00
2026-02-01 23:00,2026-02-03 11:00,2026-02-03 16:00,48,0.0046,0.1384,0.6975,36,72,2026-01-31 11:00
2026-02-01 23:00,2026-02-03 12:00,2026-02-03 17:00,48,0.0,0.1787,0.653,37,72,2026-01-31 12:00
2026-02-01 23:00,2026-02-03 13:00,2026-02-03 18:00,48,0.0119,0.2573,0.7183,38,72,2026-01-31 13:00
2026-02-01 23:00,2026-02-03 14:00,2026-02-03 19:00,48,0.0038,0.3145,0.783,39,72,2026-01-31 14:00
2026-02-01 23:00,2026-02-03 15:00,2026-02-03 20:00,48,0.0,0.1929,0.6858,40,72,2026-01-31 15:00
2026-02-01 23:00,2026-02-03 16:00,2026-02-03 21:00,48,0.0,0.0935,0.5213,41,72,2026-01-31 16:00
2026-02-01 23:00,2026-02-03 17:00,2026-02-03 22:00,48,0.0,0.0982,0.4751,42,72,2026-01-31 17:00
2026-02-01 23:00,2026-02-03 18:00,2026-02-03 23:00,48,0.0,0.0951,0.4884,43,72,2026-01-31 18:00
2026-02-01 23:00,2026-02-03 19:00,2026-02-04 00:00,48,0.0,0.0732,0.4574,44,72,2026-01-31 19:00
2026-02-01 23:00,2026-02-03 20:00,2026-02-04 01:00,48,0.0,0.1316,0.5065,45,72,2026-01-31 20:00
2026-02-01 23:00,2026-02-03 21:00,2026-02-04 02:00,48,0.0,0.1415,0.5313,46,72,2026-01-31 21:00
2026-02-01 23:00,2026-02-03 22:00,2026-02-04 03:00,48,0.0,0.2227,0.6659,47,72,2026-01-31 22:00
2026-02-01 23:00,2026-02-03 23:00,2026-02-04 04:00,48,0.0,0.2897,0.8068,48,72,2026-01-31 23:00
2026-02-02 23:00,2026-02-04 00:00,2026-02-04 05:00,48,0.0,0.2832,0.7669,25,72,2026-02-01 00:00
2026-02-02 23:00,2026-02-04 01:00,2026-02-04 06:00,48,0.0,0.1704,0.7075,26,72,2026-02-01 01:00
2026-02-02 23:00,2026-02-04 02:00,2026-02-04 07:00,48,0.0,0.1154,0.5445,27,72,2026-02-01 02:00
2026-02-02 23:00,2026-02-04 03:00,2026-02-04 08:00,48,0.0,0.0408,0.4746,28,72,2026-02-01 03:00
2026-02-02 23:00,2026-02-04 04:00,2026-02-04 09:00,48,0.0,0.0801,0.4772,29,72,2026-02-01 04:00
2026-02-02 23:00,2026-02-04 05:00,2026-02-04 10:00,48,0.0,0.0,0.3938,30,72,2026-02-01 05:00
2026-02-02 23:00,2026-02-04 06:00,2026-02-04 11:00,48,0.0,0.1022,0.2773,31,72,2026-02-01 06:00
2026-02-02 23:00,2026-02-04 07:00,2026-02-04 12:00,48,0.0,0.033,0.2785,32,72,2026-02-01 07:00
2026-02-02 23:00,2026-02-04 08:00,2026-02-04 13:00,48,0.0,0.0,0.2577,33,72,2026-02-01 08:00
2026-02-02 23:00,2026-02-04 09:00,2026-02-04 14:00,48,0.0,0.0142,0.2657,34,72,2026-02-01 09:00
2026-02-02 23:00,2026-02-04 10:00,2026-02-04 15:00,48,0.0,0.0263,0.2163,35,72,2026-02-01 10:00
2026-02-02 23:00,2026-02-04 11:00,2026-02-04 16:00,48,0.0,0.0095,0.2573,36,72,2026-02-01 11:00
2026-02-02 23:00,2026-02-04 12:00,2026-02-04 17:00,48,0.0,0.0694,0.4265,37,72,2026-02-01 12:00
2026-02-02 23:00,2026-02-04 13:00,2026-02-04 18:00,48,0.0,0.1252,0.4271,38,72,2026-02-01 13:00
2026-02-02 23:00,2026-02-04 14:00,2026-02-04 19:00,48,0.0,0.0925,0.4074,39,72,2026-02-01 14:00
2026-02-02 23:00,2026-02-04 15:00,2026-02-04 20:00,48,0.0014,0.1201,0.6597,40,72,2026-02-01 15:00
2026-02-02 23:00,2026-02-04 16:00,2026-02-04 21:00,48,0.0,0.2462,0.7174,41,72,2026-02-01 16:00
2026-02-02 23:00,2026-02-04 17:00,2026-02-04 22:00,48,0.0,0.3533,0.8182,42,72,2026-02-01 17:00
2026-02-02 23:00,2026-02-04 18:00,2026-02-04 23:00,48,0.2133,0.5664,1.0,43,72,2026-02-01 18:00
2026-02-02 23:00,2026-02-04 19:00,2026-02-05 00:00,48,0.8654,0.8654,1.0,44,72,2026-02-01 19:00
2026-02-02 23:00,2026-02-04 20:00,2026-02-05 01:00,48,0.761,0.7755,1.0,45,72,2026-02-01 20:00
2026-02-02 23:00,2026-02-04 21:00,2026-02-05 02:00,48,0.9467,0.9467,1.0,46,72,2026-02-01 21:00
2026-02-02 23:00,2026-02-04 22:00,2026-02-05 03:00,48,0.9267,0.9267,1.0,47,72,2026-02-01 22:00
2026-02-02 23:00,2026-02-04 23:00,2026-02-05 04:00,48,0.9817,0.9817,1.0,48,72,2026-02-01 23:00
2026-02-03 23:00,2026-02-05 00:00,2026-02-05 05:00,48,0.9335,0.9335,1.0,25,72,2026-02-02 00:00
2026-02-03 23:00,2026-02-05 01:00,2026-02-05 06:00,48,0.9817,0.9817,1.0,26,72,2026-02-02 01:00
2026-02-03 23:00,2026-02-05 02:00,2026-02-05 07:00,48,0.9817,0.9817,1.0,27,72,2026-02-02 02:00
2026-02-03 23:00,2026-02-05 03:00,2026-02-05 08:00,48,0.9817,0.9817,1.0,28,72,2026-02-02 03:00
2026-02-03 23:00,2026-02-05 04:00,2026-02-05 09:00,48,0.9817,0.9817,1.0,29,72,2026-02-02 04:00
2026-02-03 23:00,2026-02-05 05:00,2026-02-05 10:00,48,0.8869,0.9232,1.0,30,72,2026-02-02 05:00
2026-02-03 23:00,2026-02-05 06:00,2026-02-05 11:00,48,0.9817,0.9817,1.0,31,72,2026-02-02 06:00
2026-02-03 23:00,2026-02-05 07:00,2026-02-05 12:00,48,0.9817,0.9817,1.0,32,72,2026-02-02 07:00
2026-02-03 23:00,2026-02-05 08:00,2026-02-05 13:00,48,0.9817,0.9817,1.0,33,72,2026-02-02 08:00
2026-02-03 23:00,2026-02-05 09:00,2026-02-05 14:00,48,0.9817,0.9817,1.0,34,72,2026-02-02 09:00
2026-02-03 23:00,2026-02-05 10:00,2026-02-05 15:00,48,0.9817,0.9817,1.0,35,72,2026-02-02 10:00
2026-02-03 23:00,2026-02-05 11:00,2026-02-05 16:00,48,0.9817,0.9817,1.0,36,72,2026-02-02 11:00
2026-02-03 23:00,2026-02-05 12:00,2026-02-05 17:00,48,0.9817,0.9817,1.0,37,72,2026-02-02 12:00
2026-02-03 23:00,2026-02-05 13:00,2026-02-05 18:00,48,0.9817,0.9817,1.0,38,72,2026-02-02 13:00
2026-02-03 23:00,2026-02-05 14:00,2026-02-05 19:00,48,0.9817,0.9817,1.0,39,72,2026-02-02 14:00
2026-02-03 23:00,2026-02-05 15:00,2026-02-05 20:00,48,0.9666,0.9666,1.0,40,72,2026-02-02 15:00
2026-02-03 23:00,2026-02-05 16:00,2026-02-05 21:00,48,0.8614,0.9076,1.0,41,72,2026-02-02 16:00
2026-02-03 23:00,2026-02-05 17:00,2026-02-05 22:00,48,0.8126,0.8126,1.0,42,72,2026-02-02 17:00
2026-02-03 23:00,2026-02-05 18:00,2026-02-05 23:00,48,0.8833,0.8833,1.0,43,72,2026-02-02 18:00
2026-02-03 23:00,2026-02-05 19:00,2026-02-06 00:00,48,0.8571,0.8571,1.0,44,72,2026-02-02 19:00
2026-02-03 23:00,2026-02-05 20:00,2026-02-06 01:00,48,0.8936,0.8936,1.0,45,72,2026-02-02 20:00
2026-02-03 23:00,2026-02-05 21:00,2026-02-06 02:00,48,0.7729,0.8622,1.0,46,72,2026-02-02 21:00
2026-02-03 23:00,2026-02-05 22:00,2026-02-06 03:00,48,0.6498,0.7267,1.0,47,72,2026-02-02 22:00
2026-02-03 23:00,2026-02-05 23:00,2026-02-06 04:00,48,0.3861,0.4921,0.9656,48,72,2026-02-02 23:00
2026-02-04 23:00,2026-02-06 00:00,2026-02-06 05:00,48,0.0,0.0817,0.3842,25,72,2026-02-03 00:00
2026-02-04 23:00,2026-02-06 01:00,2026-02-06 06:00,48,0.0,0.0756,0.3783,26,72,2026-02-03 01:00
2026-02-04 23:00,2026-02-06 02:00,2026-02-06 07:00,48,0.0,0.1159,0.5295,27,72,2026-02-03 02:00
2026-02-04 23:00,2026-02-06 03:00,2026-02-06 08:00,48,0.0,0.2333,0.783,28,72,2026-02-03 03:00
2026-02-04 23:00,2026-02-06 04:00,2026-02-06 09:00,48,0.0,0.3677,0.8787,29,72,2026-02-03 04:00
2026-02-04 23:00,2026-02-06 05:00,2026-02-06 10:00,48,0.0872,0.4586,0.9749,30,72,2026-02-03 05:00
2026-02-04 23:00,2026-02-06 06:00,2026-02-06 11:00,48,0.3923,0.675,1.0,31,72,2026-02-03 06:00
2026-02-04 23:00,2026-02-06 07:00,2026-02-06 12:00,48,0.4173,0.7877,0.9909,32,72,2026-02-03 07:00
2026-02-04 23:00,2026-02-06 08:00,2026-02-06 13:00,48,0.679,0.8292,1.0,33,72,2026-02-03 08:00
2026-02-04 23:00,2026-02-06 09:00,2026-02-06 14:00,48,0.5234,0.8627,1.0,34,72,2026-02-03 09:00
2026-02-04 23:00,2026-02-06 10:00,2026-02-06 15:00,48,0.5945,0.848,1.0,35,72,2026-02-03 10:00
2026-02-04 23:00,2026-02-06 11:00,2026-02-06 16:00,48,0.6779,0.8397,1.0,36,72,2026-02-03 11:00
2026-02-04 23:00,2026-02-06 12:00,2026-02-06 17:00,48,0.5978,0.8374,1.0,37,72,2026-02-03 12:00
2026-02-04 23:00,2026-02-06 13:00,2026-02-06 18:00,48,0.5568,0.8132,1.0,38,72,2026-02-03 13:00
2026-02-04 23:00,2026-02-06 14:00,2026-02-06 19:00,48,0.6732,0.8284,1.0,39,72,2026-02-03 14:00
2026-02-04 23:00,2026-02-06 15:00,2026-02-06 20:00,48,0.7221,0.851,1.0,40,72,2026-02-03 15:00
2026-02-04 23:00,2026-02-06 16:00,2026-02-06 21:00,48,0.7757,0.9121,1.0,41,72,2026-02-03 16:00
2026-02-04 23:00,2026-02-06 17:00,2026-02-06 22:00,48,0.6841,0.9322,1.0,42,72,2026-02-03 17:00
2026-02-04 23:00,2026-02-06 18:00,2026-02-06 23:00,48,0.51,0.7314,1.0,43,72,2026-02-03 18:00
2026-02-04 23:00,2026-02-06 19:00,2026-02-07 00:00,48,0.3099,0.6862,1.0,44,72,2026-02-03 19:00
2026-02-04 23:00,2026-02-06 20:00,2026-02-07 01:00,48,0.1453,0.5267,1.0,45,72,2026-02-03 20:00
2026-02-04 23:00,2026-02-06 21:00,2026-02-07 02:00,48,0.0965,0.3835,1.0,46,72,2026-02-03 21:00
2026-02-04 23:00,2026-02-06 22:00,2026-02-07 03:00,48,0.075,0.4606,0.9471,47,72,2026-02-03 22:00
2026-02-04 23:00,2026-02-06 23:00,2026-02-07 04:00,48,0.0401,0.3814,0.8916,48,72,2026-02-03 23:00
2026-02-05 23:00,2026-02-07 00:00,2026-02-07 05:00,48,0.0,0.0884,0.5889,25,72,2026-02-04 00:00
2026-02-05 23:00,2026-02-07 01:00,2026-02-07 06:00,48,0.0,0.0258,0.4847,26,72,2026-02-04 01:00
2026-02-05 23:00,2026-02-07 02:00,2026-02-07 07:00,48,0.0,0.0,0.4352,27,72,2026-02-04 02:00
2026-02-05 23:00,2026-02-07 03:00,2026-02-07 08:00,48,0.0,0.0141,0.5027,28,72,2026-02-04 03:00
2026-02-05 23:00,2026-02-07 04:00,2026-02-07 09:00,48,0.0,0.0503,0.385,29,72,2026-02-04 04:00
2026-02-05 23:00,2026-02-07 05:00,2026-02-07 10:00,48,0.0,0.1447,0.559,30,72,2026-02-04 05:00
2026-02-05 23:00,2026-02-07 06:00,2026-02-07 11:00,48,0.0,0.1539,0.7286,31,72,2026-02-04 06:00
2026-02-05 23:00,2026-02-07 07:00,2026-02-07 12:00,48,0.0,0.1671,0.747,32,72,2026-02-04 07:00
2026-02-05 23:00,2026-02-07 08:00,2026-02-07 13:00,48,0.0,0.1964,0.6819,33,72,2026-02-04 08:00
2026-02-05 23:00,2026-02-07 09:00,2026-02-07 14:00,48,0.0,0.188,0.7011,34,72,2026-02-04 09:00
2026-02-05 23:00,2026-02-07 10:00,2026-02-07 15:00,48,0.0,0.1558,0.6153,35,72,2026-02-04 10:00
2026-02-05 23:00,2026-02-07 11:00,2026-02-07 16:00,48,0.0,0.1515,0.4941,36,72,2026-02-04 11:00
2026-02-05 23:00,2026-02-07 12:00,2026-02-07 17:00,48,0.0,0.0924,0.4662,37,72,2026-02-04 12:00
2026-02-05 23:00,2026-02-07 13:00,2026-02-07 18:00,48,0.0,0.1941,0.5322,38,72,2026-02-04 13:00
2026-02-05 23:00,2026-02-07 14:00,2026-02-07 19:00,48,0.0,0.2014,0.685,39,72,2026-02-04 14:00
2026-02-05 23:00,2026-02-07 15:00,2026-02-07 20:00,48,0.0,0.3485,0.899,40,72,2026-02-04 15:00
2026-02-05 23:00,2026-02-07 16:00,2026-02-07 21:00,48,0.0187,0.4179,0.9969,41,72,2026-02-04 16:00
2026-02-05 23:00,2026-02-07 17:00,2026-02-07 22:00,48,0.0396,0.4966,0.9738,42,72,2026-02-04 17:00
2026-02-05 23:00,2026-02-07 18:00,2026-02-07 23:00,48,0.1665,0.5175,0.9962,43,72,2026-02-04 18:00
2026-02-05 23:00,2026-02-07 19:00,2026-02-08 00:00,48,0.188,0.5137,0.9621,44,72,2026-02-04 19:00
2026-02-05 23:00,2026-02-07 20:00,2026-02-08 01:00,48,0.17,0.5233,0.9636,45,72,2026-02-04 20:00
2026-02-05 23:00,2026-02-07 21:00,2026-02-08 02:00,48,0.2401,0.6281,0.9896,46,72,2026-02-04 21:00
2026-02-05 23:00,2026-02-07 22:00,2026-02-08 03:00,48,0.2479,0.6773,0.9349,47,72,2026-02-04 22:00
2026-02-05 23:00,2026-02-07 23:00,2026-02-08 04:00,48,0.2117,0.6368,0.9185,48,72,2026-02-04 23:00
2026-02-06 23:00,2026-02-08 00:00,2026-02-08 05:00,48,0.3133,0.6785,0.9793,25,72,2026-02-05 00:00
2026-02-06 23:00,2026-02-08 01:00,2026-02-08 06:00,48,0.3054,0.6651,0.9959,26,72,2026-02-05 01:00
2026-02-06 23:00,2026-02-08 02:00,2026-02-08 07:00,48,0.0638,0.5377,0.9336,27,72,2026-02-05 02:00
2026-02-06 23:00,2026-02-08 03:00,2026-02-08 08:00,48,0.0869,0.4867,0.9657,28,72,2026-02-05 03:00
2026-02-06 23:00,2026-02-08 04:00,2026-02-08 09:00,48,0.0114,0.3598,0.9733,29,72,2026-02-05 04:00
2026-02-06 23:00,2026-02-08 05:00,2026-02-08 10:00,48,0.0,0.2474,0.8544,30,72,2026-02-05 05:00
2026-02-06 23:00,2026-02-08 06:00,2026-02-08 11:00,48,0.0,0.1906,0.8085,31,72,2026-02-05 06:00
2026-02-06 23:00,2026-02-08 07:00,2026-02-08 12:00,48,0.0,0.0546,0.6883,32,72,2026-02-05 07:00
2026-02-06 23:00,2026-02-08 08:00,2026-02-08 13:00,48,0.0,0.0519,0.4085,33,72,2026-02-05 08:00
2026-02-06 23:00,2026-02-08 09:00,2026-02-08 14:00,48,0.0,0.0391,0.3798,34,72,2026-02-05 09:00
2026-02-06 23:00,2026-02-08 10:00,2026-02-08 15:00,48,0.0,0.1786,0.3653,35,72,2026-02-05 10:00
2026-02-06 23:00,2026-02-08 11:00,2026-02-08 16:00,48,0.0,0.2739,0.7674,36,72,2026-02-05 11:00
2026-02-06 23:00,2026-02-08 12:00,2026-02-08 17:00,48,0.3818,0.4771,0.9611,37,72,2026-02-05 12:00
2026-02-06 23:00,2026-02-08 13:00,2026-02-08 18:00,48,0.9817,0.9817,1.0,38,72,2026-02-05 13:00
2026-02-06 23:00,2026-02-08 14:00,2026-02-08 19:00,48,0.9817,0.9817,1.0,39,72,2026-02-05 14:00
2026-02-06 23:00,2026-02-08 15:00,2026-02-08 20:00,48,0.9817,0.9817,1.0,40,72,2026-02-05 15:00
2026-02-06 23:00,2026-02-08 16:00,2026-02-08 21:00,48,0.9817,0.9817,1.0,41,72,2026-02-05 16:00
2026-02-06 23:00,2026-02-08 17:00,2026-02-08 22:00,48,0.9817,0.9817,1.0,42,72,2026-02-05 17:00
2026-02-06 23:00,2026-02-08 18:00,2026-02-08 23:00,48,0.9817,0.9817,1.0,43,72,2026-02-05 18:00
2026-02-06 23:00,2026-02-08 19:00,2026-02-09 00:00,48,0.9817,0.9817,1.0,44,72,2026-02-05 19:00
2026-02-06 23:00,2026-02-08 20:00,2026-02-09 01:00,48,0.9817,0.9817,1.0,45,72,2026-02-05 20:00
2026-02-06 23:00,2026-02-08 21:00,2026-02-09 02:00,48,0.9817,0.9817,1.0,46,72,2026-02-05 21:00
2026-02-06 23:00,2026-02-08 22:00,2026-02-09 03:00,48,0.9817,0.9817,1.0,47,72,2026-02-05 22:00
2026-02-06 23:00,2026-02-08 23:00,2026-02-09 04:00,48,0.9817,0.9817,1.0,48,72,2026-02-05 23:00
2026-02-07 23:00,2026-02-09 00:00,2026-02-09 05:00,48,0.9808,0.9808,1.0,25,72,2026-02-06 00:00
2026-02-07 23:00,2026-02-09 01:00,2026-02-09 06:00,48,0.9817,0.9817,0.9949,26,72,2026-02-06 01:00
2026-02-07 23:00,2026-02-09 02:00,2026-02-09 07:00,48,0.9817,0.9817,1.0,27,72,2026-02-06 02:00
2026-02-07 23:00,2026-02-09 03:00,2026-02-09 08:00,48,0.7816,0.8912,1.0,28,72,2026-02-06 03:00
2026-02-07 23:00,2026-02-09 04:00,2026-02-09 09:00,48,0.7775,0.8423,1.0,29,72,2026-02-06 04:00
2026-02-07 23:00,2026-02-09 05:00,2026-02-09 10:00,48,0.6592,0.7742,1.0,30,72,2026-02-06 05:00
2026-02-07 23:00,2026-02-09 06:00,2026-02-09 11:00,48,0.5249,0.7222,1.0,31,72,2026-02-06 06:00
2026-02-07 23:00,2026-02-09 07:00,2026-02-09 12:00,48,0.6661,0.7592,1.0,32,72,2026-02-06 07:00
2026-02-07 23:00,2026-02-09 08:00,2026-02-09 13:00,48,0.7048,0.8328,1.0,33,72,2026-02-06 08:00
2026-02-07 23:00,2026-02-09 09:00,2026-02-09 14:00,48,0.7137,0.9063,1.0,34,72,2026-02-06 09:00
2026-02-07 23:00,2026-02-09 10:00,2026-02-09 15:00,48,0.507,0.8677,1.0,35,72,2026-02-06 10:00
2026-02-07 23:00,2026-02-09 11:00,2026-02-09 16:00,48,0.7501,0.9322,1.0,36,72,2026-02-06 11:00
2026-02-07 23:00,2026-02-09 12:00,2026-02-09 17:00,48,0.9817,0.9817,1.0,37,72,2026-02-06 12:00
2026-02-07 23:00,2026-02-09 13:00,2026-02-09 18:00,48,0.9545,0.9545,1.0,38,72,2026-02-06 13:00
2026-02-07 23:00,2026-02-09 14:00,2026-02-09 19:00,48,0.8548,0.8548,1.0,39,72,2026-02-06 14:00
2026-02-07 23:00,2026-02-09 15:00,2026-02-09 20:00,48,0.8599,0.8599,1.0,40,72,2026-02-06 15:00
2026-02-07 23:00,2026-02-09 16:00,2026-02-09 21:00,48,0.7323,0.775,0.9937,41,72,2026-02-06 16:00
2026-02-07 23:00,2026-02-09 17:00,2026-02-09 22:00,48,0.7105,0.7379,0.999,42,72,2026-02-06 17:00
2026-02-07 23:00,2026-02-09 18:00,2026-02-09 23:00,48,0.0,0.4852,1.0,43,72,2026-02-06 18:00
2026-02-07 23:00,2026-02-09 19:00,2026-02-10 00:00,48,0.0305,0.3089,0.818,44,72,2026-02-06 19:00
2026-02-07 23:00,2026-02-09 20:00,2026-02-10 01:00,48,0.0053,0.2619,0.8064,45,72,2026-02-06 20:00
2026-02-07 23:00,2026-02-09 21:00,2026-02-10 02:00,48,0.0194,0.2488,0.9213,46,72,2026-02-06 21:00
2026-02-07 23:00,2026-02-09 22:00,2026-02-10 03:00,48,0.017,0.2414,0.9222,47,72,2026-02-06 22:00
2026-02-07 23:00,2026-02-09 23:00,2026-02-10 04:00,48,0.264,0.5498,0.9509,48,72,2026-02-06 23:00
2026-02-08 23:00,2026-02-10 00:00,2026-02-10 05:00,48,0.0101,0.1385,0.6245,25,72,2026-02-07 00:00
2026-02-08 23:00,2026-02-10 01:00,2026-02-10 06:00,48,0.0011,0.2822,0.6106,26,72,2026-02-07 01:00
2026-02-08 23:00,2026-02-10 02:00,2026-02-10 07:00,48,0.0,0.0946,0.4992,27,72,2026-02-07 02:00
2026-02-08 23:00,2026-02-10 03:00,2026-02-10 08:00,48,0.0181,0.3242,0.8986,28,72,2026-02-07 03:00
2026-02-08 23:00,2026-02-10 04:00,2026-02-10 09:00,48,0.0375,0.3975,0.9849,29,72,2026-02-07 04:00
2026-02-08 23:00,2026-02-10 05:00,2026-02-10 10:00,48,0.0417,0.3943,0.9772,30,72,2026-02-07 05:00
2026-02-08 23:00,2026-02-10 06:00,2026-02-10 11:00,48,0.0487,0.4159,0.8954,31,72,2026-02-07 06:00
2026-02-08 23:00,2026-02-10 07:00,2026-02-10 12:00,48,0.0052,0.3678,0.9159,32,72,2026-02-07 07:00
2026-02-08 23:00,2026-02-10 08:00,2026-02-10 13:00,48,0.0776,0.4466,0.9321,33,72,2026-02-07 08:00
2026-02-08 23:00,2026-02-10 09:00,2026-02-10 14:00,48,0.0,0.3259,0.853,34,72,2026-02-07 09:00
2026-02-08 23:00,2026-02-10 10:00,2026-02-10 15:00,48,0.0294,0.3474,0.8116,35,72,2026-02-07 10:00
2026-02-08 23:00,2026-02-10 11:00,2026-02-10 16:00,48,0.0,0.2368,0.8471,36,72,2026-02-07 11:00
2026-02-08 23:00,2026-02-10 12:00,2026-02-10 17:00,48,0.0,0.3049,0.8061,37,72,2026-02-07 12:00
2026-02-08 23:00,2026-02-10 13:00,2026-02-10 18:00,48,0.0159,0.2534,0.8154,38,72,2026-02-07 13:00
2026-02-08 23:00,2026-02-10 14:00,2026-02-10 19:00,48,0.0,0.2121,0.7566,39,72,2026-02-07 14:00
2026-02-08 23:00,2026-02-10 15:00,2026-02-10 20:00,48,0.0,0.3135,0.7516,40,72,2026-02-07 15:00
2026-02-08 23:00,2026-02-10 16:00,2026-02-10 21:00,48,0.0,0.3323,0.7823,41,72,2026-02-07 16:00
2026-02-08 23:00,2026-02-10 17:00,2026-02-10 22:00,48,0.0037,0.4109,0.9648,42,72,2026-02-07 17:00
2026-02-08 23:00,2026-02-10 18:00,2026-02-10 23:00,48,0.0799,0.6604,0.9894,43,72,2026-02-07 18:00
2026-02-08 23:00,2026-02-10 19:00,2026-02-11 00:00,48,0.0672,0.921,1.0,44,72,2026-02-07 19:00
2026-02-08 23:00,2026-02-10 20:00,2026-02-11 01:00,48,0.1027,0.6072,1.0,45,72,2026-02-07 20:00
2026-02-08 23:00,2026-02-10 21:00,2026-02-11 02:00,48,0.6434,0.6434,1.0,46,72,2026-02-07 21:00
2026-02-08 23:00,2026-02-10 22:00,2026-02-11 03:00,48,0.9326,0.9326,1.0,47,72,2026-02-07 22:00
2026-02-08 23:00,2026-02-10 23:00,2026-02-11 04:00,48,0.9751,0.9751,1.0,48,72,2026-02-07 23:00
2026-02-09 23:00,2026-02-11 00:00,2026-02-11 05:00,48,0.0601,0.3147,0.8681,25,72,2026-02-08 00:00
2026-02-09 23:00,2026-02-11 01:00,2026-02-11 06:00,48,0.0,0.2102,0.7593,26,72,2026-02-08 01:00
2026-02-09 23:00,2026-02-11 02:00,2026-02-11 07:00,48,0.0,0.1603,0.7181,27,72,2026-02-08 02:00
2026-02-09 23:00,2026-02-11 03:00,2026-02-11 08:00,48,0.0113,0.1636,0.7853,28,72,2026-02-08 03:00
2026-02-09 23:00,2026-02-11 04:00,2026-02-11 09:00,48,0.0046,0.0896,0.75,29,72,2026-02-08 04:00
2026-02-09 23:00,2026-02-11 05:00,2026-02-11 10:00,48,0.0208,0.1779,0.8215,30,72,2026-02-08 05:00
2026-02-09 23:00,2026-02-11 06:00,2026-02-11 11:00,48,0.0092,0.4317,1.0,31,72,2026-02-08 06:00
2026-02-09 23:00,2026-02-11 07:00,2026-02-11 12:00,48,0.0368,0.3256,0.9241,32,72,2026-02-08 07:00
2026-02-09 23:00,2026-02-11 08:00,2026-02-11 13:00,48,0.0251,0.2954,0.8963,33,72,2026-02-08 08:00
2026-02-09 23:00,2026-02-11 09:00,2026-02-11 14:00,48,0.0,0.3083,0.7615,34,72,2026-02-08 09:00
2026-02-09 23:00,2026-02-11 10:00,2026-02-11 15:00,48,0.0247,0.7483,0.8694,35,72,2026-02-08 10:00
2026-02-09 23:00,2026-02-11 11:00,2026-02-11 16:00,48,0.3247,0.6627,1.0,36,72,2026-02-08 11:00
2026-02-09 23:00,2026-02-11 12:00,2026-02-11 17:00,48,0.6696,0.8501,1.0,37,72,2026-02-08 12:00
2026-02-09 23:00,2026-02-11 13:00,2026-02-11 18:00,48,0.8353,0.8968,1.0,38,72,2026-02-08 13:00
2026-02-09 23:00,2026-02-11 14:00,2026-02-11 19:00,48,0.8618,0.9322,1.0,39,72,2026-02-08 14:00
2026-02-09 23:00,2026-02-11 15:00,2026-02-11 20:00,48,0.7269,0.8407,1.0,40,72,2026-02-08 15:00
2026-02-09 23:00,2026-02-11 16:00,2026-02-11 21:00,48,0.4307,0.7144,1.0,41,72,2026-02-08 16:00
2026-02-09 23:00,2026-02-11 17:00,2026-02-11 22:00,48,0.2461,0.6807,0.9836,42,72,2026-02-08 17:00
2026-02-09 23:00,2026-02-11 18:00,2026-02-11 23:00,48,0.2371,0.7328,0.9667,43,72,2026-02-08 18:00
2026-02-09 23:00,2026-02-11 19:00,2026-02-12 00:00,48,0.269,0.7751,0.9842,44,72,2026-02-08 19:00
2026-02-09 23:00,2026-02-11 20:00,2026-02-12 01:00,48,0.3362,0.7815,0.9865,45,72,2026-02-08 20:00
2026-02-09 23:00,2026-02-11 21:00,2026-02-12 02:00,48,0.3133,0.7952,0.9862,46,72,2026-02-08 21:00
2026-02-09 23:00,2026-02-11 22:00,2026-02-12 03:00,48,0.3098,0.7577,1.0,47,72,2026-02-08 22:00
2026-02-09 23:00,2026-02-11 23:00,2026-02-12 04:00,48,0.2305,0.6793,1.0,48,72,2026-02-08 23:00
2026-02-10 23:00,2026-02-12 00:00,2026-02-12 05:00,48,0.0,0.2496,0.9198,25,72,2026-02-09 00:00
2026-02-10 23:00,2026-02-12 01:00,2026-02-12 06:00,48,0.0004,0.1587,0.9297,26,72,2026-02-09 01:00
2026-02-10 23:00,2026-02-12 02:00,2026-02-12 07:00,48,0.0028,0.285,0.9201,27,72,2026-02-09 02:00
2026-02-10 23:00,2026-02-12 03:00,2026-02-12 08:00,48,0.0,0.1249,0.642,28,72,2026-02-09 03:00
2026-02-10 23:00,2026-02-12 04:00,2026-02-12 09:00,48,0.0,0.0247,0.4696,29,72,2026-02-09 04:00
2026-02-10 23:00,2026-02-12 05:00,2026-02-12 10:00,48,0.0,0.0,0.4645,30,72,2026-02-09 05:00
2026-02-10 23:00,2026-02-12 06:00,2026-02-12 11:00,48,0.0,0.0,0.174,31,72,2026-02-09 06:00
2026-02-10 23:00,2026-02-12 07:00,2026-02-12 12:00,48,0.0,0.0,0.1369,32,72,2026-02-09 07:00
2026-02-10 23:00,2026-02-12 08:00,2026-02-12 13:00,48,0.0,0.0,0.2389,33,72,2026-02-09 08:00
2026-02-10 23:00,2026-02-12 09:00,2026-02-12 14:00,48,0.0,0.0463,0.4136,34,72,2026-02-09 09:00
2026-02-10 23:00,2026-02-12 10:00,2026-02-12 15:00,48,0.0,0.0231,0.4901,35,72,2026-02-09 10:00
2026-02-10 23:00,2026-02-12 11:00,2026-02-12 16:00,48,0.0371,0.1156,0.6845,36,72,2026-02-09 11:00
2026-02-10 23:00,2026-02-12 12:00,2026-02-12 17:00,48,0.08,0.2865,0.7812,37,72,2026-02-09 12:00
2026-02-10 23:00,2026-02-12 13:00,2026-02-12 18:00,48,0.0336,0.3972,0.8126,38,72,2026-02-09 13:00
2026-02-10 23:00,2026-02-12 14:00,2026-02-12 19:00,48,0.0302,0.2438,0.8134,39,72,2026-02-09 14:00
2026-02-10 23:00,2026-02-12 15:00,2026-02-12 20:00,48,0.0558,0.3262,0.8705,40,72,2026-02-09 15:00
2026-02-10 23:00,2026-02-12 16:00,2026-02-12 21:00,48,0.0117,0.2824,0.8081,41,72,2026-02-09 16:00
2026-02-10 23:00,2026-02-12 17:00,2026-02-12 22:00,48,0.0007,0.1581,0.6742,42,72,2026-02-09 17:00
2026-02-10 23:00,2026-02-12 18:00,2026-02-12 23:00,48,0.0,0.0947,0.3995,43,72,2026-02-09 18:00
2026-02-10 23:00,2026-02-12 19:00,2026-02-13 00:00,48,0.0,0.1086,0.2789,44,72,2026-02-09 19:00
2026-02-10 23:00,2026-02-12 20:00,2026-02-13 01:00,48,0.0,0.0,0.0805,45,72,2026-02-09 20:00
2026-02-10 23:00,2026-02-12 21:00,2026-02-13 02:00,48,0.0,0.0,0.1122,46,72,2026-02-09 21:00
2026-02-10 23:00,2026-02-12 22:00,2026-02-13 03:00,48,0.0,0.0065,0.1452,47,72,2026-02-09 22:00
2026-02-10 23:00,2026-02-12 23:00,2026-02-13 04:00,48,0.0,0.0472,0.1578,48,72,2026-02-09 23:00
2026-02-11 23:00,2026-02-13 00:00,2026-02-13 05:00,48,0.0,0.0,0.275,25,72,2026-02-10 00:00
2026-02-11 23:00,2026-02-13 01:00,2026-02-13 06:00,48,0.0,0.0,0.2205,26,72,2026-02-10 01:00
2026-02-11 23:00,2026-02-13 02:00,2026-02-13 07:00,48,0.0,0.0,0.3613,27,72,2026-02-10 02:00
2026-02-11 23:00,2026-02-13 03:00,2026-02-13 08:00,48,0.0,0.0,0.4261,28,72,2026-02-10 03:00
2026-02-11 23:00,2026-02-13 04:00,2026-02-13 09:00,48,0.0,0.0266,0.5831,29,72,2026-02-10 04:00
2026-02-11 23:00,2026-02-13 05:00,2026-02-13 10:00,48,0.0,0.0412,0.6194,30,72,2026-02-10 05:00
2026-02-11 23:00,2026-02-13 06:00,2026-02-13 11:00,48,0.0,0.0169,0.3909,31,72,2026-02-10 06:00
2026-02-11 23:00,2026-02-13 07:00,2026-02-13 12:00,48,0.0,0.0,0.3078,32,72,2026-02-10 07:00
2026-02-11 23:00,2026-02-13 08:00,2026-02-13 13:00,48,0.0,0.0,0.468,33,72,2026-02-10 08:00
2026-02-11 23:00,2026-02-13 09:00,2026-02-13 14:00,48,0.0,0.0,0.4551,34,72,2026-02-10 09:00
2026-02-11 23:00,2026-02-13 10:00,2026-02-13 15:00,48,0.0,0.0441,0.4954,35,72,2026-02-10 10:00
2026-02-11 23:00,2026-02-13 11:00,2026-02-13 16:00,48,0.0,0.0057,0.4719,36,72,2026-02-10 11:00
2026-02-11 23:00,2026-02-13 12:00,2026-02-13 17:00,48,0.0,0.0322,0.3147,37,72,2026-02-10 12:00
2026-02-11 23:00,2026-02-13 13:00,2026-02-13 18:00,48,0.0,0.0144,0.3806,38,72,2026-02-10 13:00
2026-02-11 23:00,2026-02-13 14:00,2026-02-13 19:00,48,0.0,0.0859,0.5262,39,72,2026-02-10 14:00
2026-02-11 23:00,2026-02-13 15:00,2026-02-13 20:00,48,0.0,0.2015,0.4516,40,72,2026-02-10 15:00
2026-02-11 23:00,2026-02-13 16:00,2026-02-13 21:00,48,0.0,0.1065,0.4743,41,72,2026-02-10 16:00
2026-02-11 23:00,2026-02-13 17:00,2026-02-13 22:00,48,0.0,0.2299,0.6991,42,72,2026-02-10 17:00
2026-02-11 23:00,2026-02-13 18:00,2026-02-13 23:00,48,0.0191,0.2828,0.844,43,72,2026-02-10 18:00
2026-02-11 23:00,2026-02-13 19:00,2026-02-14 00:00,48,0.0997,0.3494,0.9555,44,72,2026-02-10 19:00
2026-02-11 23:00,2026-02-13 20:00,2026-02-14 01:00,48,0.0,0.3528,0.9883,45,72,2026-02-10 20:00
2026-02-11 23:00,2026-02-13 21:00,2026-02-14 02:00,48,0.0903,0.4864,0.9967,46,72,2026-02-10 21:00
2026-02-11 23:00,2026-02-13 22:00,2026-02-14 03:00,48,0.1726,0.5408,1.0,47,72,2026-02-10 22:00
2026-02-11 23:00,2026-02-13 23:00,2026-02-14 04:00,48,0.1889,0.4983,0.9686,48,72,2026-02-10 23:00
2026-02-12 23:00,2026-02-14 00:00,2026-02-14 05:00,48,0.0143,0.2696,1.0,25,72,2026-02-11 00:00
2026-02-12 23:00,2026-02-14 01:00,2026-02-14 06:00,48,0.0514,0.2075,0.9164,26,72,2026-02-11 01:00
2026-02-12 23:00,2026-02-14 02:00,2026-02-14 07:00,48,0.0,0.1694,0.6423,27,72,2026-02-11 02:00
2026-02-12 23:00,2026-02-14 03:00,2026-02-14 08:00,48,0.0275,0.0275,0.6322,28,72,2026-02-11 03:00
2026-02-12 23:00,2026-02-14 04:00,2026-02-14 09:00,48,0.0305,0.2287,0.8027,29,72,2026-02-11 04:00
2026-02-12 23:00,2026-02-14 05:00,2026-02-14 10:00,48,0.0,0.2531,0.8628,30,72,2026-02-11 05:00
2026-02-12 23:00,2026-02-14 06:00,2026-02-14 11:00,48,0.0056,0.3987,0.8606,31,72,2026-02-11 06:00
2026-02-12 23:00,2026-02-14 07:00,2026-02-14 12:00,48,0.0068,0.4473,0.8709,32,72,2026-02-11 07:00
2026-02-12 23:00,2026-02-14 08:00,2026-02-14 13:00,48,0.0,0.3742,0.8241,33,72,2026-02-11 08:00
2026-02-12 23:00,2026-02-14 09:00,2026-02-14 14:00,48,0.0,0.1992,0.7344,34,72,2026-02-11 09:00
2026-02-12 23:00,2026-02-14 10:00,2026-02-14 15:00,48,0.0,0.2386,0.7629,35,72,2026-02-11 10:00
2026-02-12 23:00,2026-02-14 11:00,2026-02-14 16:00,48,0.0,0.2564,0.6811,36,72,2026-02-11 11:00
2026-02-12 23:00,2026-02-14 12:00,2026-02-14 17:00,48,0.0152,0.3272,0.9106,37,72,2026-02-11 12:00
2026-02-12 23:00,2026-02-14 13:00,2026-02-14 18:00,48,0.0071,0.3086,0.7731,38,72,2026-02-11 13:00
2026-02-12 23:00,2026-02-14 14:00,2026-02-14 19:00,48,0.015,0.1845,0.7291,39,72,2026-02-11 14:00
2026-02-12 23:00,2026-02-14 15:00,2026-02-14 20:00,48,0.0,0.0931,0.591,40,72,2026-02-11 15:00
2026-02-12 23:00,2026-02-14 16:00,2026-02-14 21:00,48,0.0,0.1375,0.6351,41,72,2026-02-11 16:00
2026-02-12 23:00,2026-02-14 17:00,2026-02-14 22:00,48,0.0,0.1311,0.5367,42,72,2026-02-11 17:00
2026-02-12 23:00,2026-02-14 18:00,2026-02-14 23:00,48,0.0,0.1481,0.5286,43,72,2026-02-11 18:00
2026-02-12 23:00,2026-02-14 19:00,2026-02-15 00:00,48,0.0,0.1466,0.5556,44,72,2026-02-11 19:00
2026-02-12 23:00,2026-02-14 20:00,2026-02-15 01:00,48,0.0,0.0764,0.5223,45,72,2026-02-11 20:00
2026-02-12 23:00,2026-02-14 21:00,2026-02-15 02:00,48,0.0,0.032,0.3747,46,72,2026-02-11 21:00
2026-02-12 23:00,2026-02-14 22:00,2026-02-15 03:00,48,0.0,0.0678,0.3076,47,72,2026-02-11 22:00
2026-02-12 23:00,2026-02-14 23:00,2026-02-15 04:00,48,0.0,0.0,0.3116,48,72,2026-02-11 23:00
2026-02-13 23:00,2026-02-15 00:00,2026-02-15 05:00,48,0.0,0.0,0.2051,25,72,2026-02-12 00:00
2026-02-13 23:00,2026-02-15 01:00,2026-02-15 06:00,48,0.0,0.0,0.3939,26,72,2026-02-12 01:00
2026-02-13 23:00,2026-02-15 02:00,2026-02-15 07:00,48,0.0,0.0,0.4331,27,72,2026-02-12 02:00
2026-02-13 23:00,2026-02-15 03:00,2026-02-15 08:00,48,0.0,0.0243,0.5442,28,72,2026-02-12 03:00
2026-02-13 23:00,2026-02-15 04:00,2026-02-15 09:00,48,0.0,0.1073,0.7142,29,72,2026-02-12 04:00
2026-02-13 23:00,2026-02-15 05:00,2026-02-15 10:00,48,0.0666,0.2935,0.8383,30,72,2026-02-12 05:00
2026-02-13 23:00,2026-02-15 06:00,2026-02-15 11:00,48,0.0884,0.2322,0.9784,31,72,2026-02-12 06:00
2026-02-13 23:00,2026-02-15 07:00,2026-02-15 12:00,48,0.1731,0.4792,0.9927,32,72,2026-02-12 07:00
2026-02-13 23:00,2026-02-15 08:00,2026-02-15 13:00,48,0.4331,0.6635,0.9929,33,72,2026-02-12 08:00
2026-02-13 23:00,2026-02-15 09:00,2026-02-15 14:00,48,0.5014,0.818,1.0,34,72,2026-02-12 09:00
2026-02-13 23:00,2026-02-15 10:00,2026-02-15 15:00,48,0.5891,0.8455,1.0,35,72,2026-02-12 10:00
2026-02-13 23:00,2026-02-15 11:00,2026-02-15 16:00,48,0.5724,0.8144,1.0,36,72,2026-02-12 11:00
2026-02-13 23:00,2026-02-15 12:00,2026-02-15 17:00,48,0.608,0.8229,1.0,37,72,2026-02-12 12:00
2026-02-13 23:00,2026-02-15 13:00,2026-02-15 18:00,48,0.6872,0.8448,1.0,38,72,2026-02-12 13:00
2026-02-13 23:00,2026-02-15 14:00,2026-02-15 19:00,48,0.8656,0.9156,1.0,39,72,2026-02-12 14:00
2026-02-13 23:00,2026-02-15 15:00,2026-02-15 20:00,48,0.9772,0.9772,1.0,40,72,2026-02-12 15:00
2026-02-13 23:00,2026-02-15 16:00,2026-02-15 21:00,48,0.9484,0.9484,1.0,41,72,2026-02-12 16:00
2026-02-13 23:00,2026-02-15 17:00,2026-02-15 22:00,48,0.9344,0.9344,1.0,42,72,2026-02-12 17:00
2026-02-13 23:00,2026-02-15 18:00,2026-02-15 23:00,48,0.9249,0.9249,1.0,43,72,2026-02-12 18:00
2026-02-13 23:00,2026-02-15 19:00,2026-02-16 00:00,48,0.8534,0.8534,1.0,44,72,2026-02-12 19:00
2026-02-13 23:00,2026-02-15 20:00,2026-02-16 01:00,48,0.8159,0.8159,1.0,45,72,2026-02-12 20:00
2026-02-13 23:00,2026-02-15 21:00,2026-02-16 02:00,48,0.8203,0.8203,1.0,46,72,2026-02-12 21:00
2026-02-13 23:00,2026-02-15 22:00,2026-02-16 03:00,48,0.8159,0.8159,1.0,47,72,2026-02-12 22:00
2026-02-13 23:00,2026-02-15 23:00,2026-02-16 04:00,48,0.8456,0.8456,1.0,48,72,2026-02-12 23:00
2026-02-14 23:00,2026-02-16 00:00,2026-02-16 05:00,48,0.7693,0.7925,1.0,25,72,2026-02-13 00:00
2026-02-14 23:00,2026-02-16 01:00,2026-02-16 06:00,48,0.7934,0.8044,1.0,26,72,2026-02-13 01:00
2026-02-14 23:00,2026-02-16 02:00,2026-02-16 07:00,48,0.7035,0.7364,1.0,27,72,2026-02-13 02:00
2026-02-14 23:00,2026-02-16 03:00,2026-02-16 08:00,48,0.4204,0.5155,1.0,28,72,2026-02-13 03:00
2026-02-14 23:00,2026-02-16 04:00,2026-02-16 09:00,48,0.3971,0.6104,1.0,29,72,2026-02-13 04:00
2026-02-14 23:00,2026-02-16 05:00,2026-02-16 10:00,48,0.7099,0.7592,1.0,30,72,2026-02-13 05:00
2026-02-14 23:00,2026-02-16 06:00,2026-02-16 11:00,48,0.6321,0.6798,1.0,31,72,2026-02-13 06:00
2026-02-14 23:00,2026-02-16 07:00,2026-02-16 12:00,48,0.3505,0.6088,1.0,32,72,2026-02-13 07:00
2026-02-14 23:00,2026-02-16 08:00,2026-02-16 13:00,48,0.4198,0.6496,1.0,33,72,2026-02-13 08:00
2026-02-14 23:00,2026-02-16 09:00,2026-02-16 14:00,48,0.4611,0.7635,0.9996,34,72,2026-02-13 09:00
2026-02-14 23:00,2026-02-16 10:00,2026-02-16 15:00,48,0.5146,0.7707,1.0,35,72,2026-02-13 10:00
2026-02-14 23:00,2026-02-16 11:00,2026-02-16 16:00,48,0.5937,0.7845,1.0,36,72,2026-02-13 11:00
2026-02-14 23:00,2026-02-16 12:00,2026-02-16 17:00,48,0.3792,0.7331,1.0,37,72,2026-02-13 12:00
2026-02-14 23:00,2026-02-16 13:00,2026-02-16 18:00,48,0.3692,0.7966,1.0,38,72,2026-02-13 13:00
2026-02-14 23:00,2026-02-16 14:00,2026-02-16 19:00,48,0.3303,0.7114,1.0,39,72,2026-02-13 14:00
2026-02-14 23:00,2026-02-16 15:00,2026-02-16 20:00,48,0.2986,0.6951,1.0,40,72,2026-02-13 15:00
2026-02-14 23:00,2026-02-16 16:00,2026-02-16 21:00,48,0.32,0.6948,1.0,41,72,2026-02-13 16:00
2026-02-14 23:00,2026-02-16 17:00,2026-02-16 22:00,48,0.3915,0.7311,1.0,42,72,2026-02-13 17:00
2026-02-14 23:00,2026-02-16 18:00,2026-02-16 23:00,48,0.3135,0.6605,1.0,43,72,2026-02-13 18:00
2026-02-14 23:00,2026-02-16 19:00,2026-02-17 00:00,48,0.3236,0.6412,1.0,44,72,2026-02-13 19:00
2026-02-14 23:00,2026-02-16 20:00,2026-02-17 01:00,48,0.248,0.6109,1.0,45,72,2026-02-13 20:00
2026-02-14 23:00,2026-02-16 21:00,2026-02-17 02:00,48,0.2166,0.6296,1.0,46,72,2026-02-13 21:00
2026-02-14 23:00,2026-02-16 22:00,2026-02-17 03:00,48,0.191,0.6515,1.0,47,72,2026-02-13 22:00
2026-02-14 23:00,2026-02-16 23:00,2026-02-17 04:00,48,0.1931,0.6241,0.9574,48,72,2026-02-13 23:00
2026-02-15 23:00,2026-02-17 00:00,2026-02-17 05:00,48,0.1951,0.2235,0.9862,25,72,2026-02-14 00:00
2026-02-15 23:00,2026-02-17 01:00,2026-02-17 06:00,48,0.2037,0.2601,0.9663,26,72,2026-02-14 01:00
2026-02-15 23:00,2026-02-17 02:00,2026-02-17 07:00,48,0.1971,0.3371,0.9948,27,72,2026-02-14 02:00
2026-02-15 23:00,2026-02-17 03:00,2026-02-17 08:00,48,0.2039,0.2944,1.0,28,72,2026-02-14 03:00
2026-02-15 23:00,2026-02-17 04:00,2026-02-17 09:00,48,0.183,0.2878,0.9998,29,72,2026-02-14 04:00
2026-02-15 23:00,2026-02-17 05:00,2026-02-17 10:00,48,0.1148,0.2569,0.9711,30,72,2026-02-14 05:00
2026-02-15 23:00,2026-02-17 06:00,2026-02-17 11:00,48,0.0722,0.3916,1.0,31,72,2026-02-14 06:00
2026-02-15 23:00,2026-02-17 07:00,2026-02-17 12:00,48,0.0694,0.2979,0.9574,32,72,2026-02-14 07:00
2026-02-15 23:00,2026-02-17 08:00,2026-02-17 13:00,48,0.0289,0.2765,0.9332,33,72,2026-02-14 08:00
2026-02-15 23:00,2026-02-17 09:00,2026-02-17 14:00,48,0.0425,0.3303,0.9405,34,72,2026-02-14 09:00
2026-02-15 23:00,2026-02-17 10:00,2026-02-17 15:00,48,0.0296,0.3173,0.8592,35,72,2026-02-14 10:00
2026-02-15 23:00,2026-02-17 11:00,2026-02-17 16:00,48,0.0201,0.3663,0.863,36,72,2026-02-14 11:00
2026-02-15 23:00,2026-02-17 12:00,2026-02-17 17:00,48,0.1146,0.3047,0.9169,37,72,2026-02-14 12:00
2026-02-15 23:00,2026-02-17 13:00,2026-02-17 18:00,48,0.1297,0.5365,1.0,38,72,2026-02-14 13:00
2026-02-15 23:00,2026-02-17 14:00,2026-02-17 19:00,48,0.188,0.6031,1.0,39,72,2026-02-14 14:00
2026-02-15 23:00,2026-02-17 15:00,2026-02-17 20:00,48,0.2868,0.6275,1.0,40,72,2026-02-14 15:00
2026-02-15 23:00,2026-02-17 16:00,2026-02-17 21:00,48,0.3817,0.6993,0.998,41,72,2026-02-14 16:00
2026-02-15 23:00,2026-02-17 17:00,2026-02-17 22:00,48,0.3996,0.7044,1.0,42,72,2026-02-14 17:00
2026-02-15 23:00,2026-02-17 18:00,2026-02-17 23:00,48,0.3256,0.715,1.0,43,72,2026-02-14 18:00
2026-02-15 23:00,2026-02-17 19:00,2026-02-18 00:00,48,0.4199,0.6986,1.0,44,72,2026-02-14 19:00
2026-02-15 23:00,2026-02-17 20:00,2026-02-18 01:00,48,0.5475,0.7062,1.0,45,72,2026-02-14 20:00
2026-02-15 23:00,2026-02-17 21:00,2026-02-18 02:00,48,0.4569,0.7155,1.0,46,72,2026-02-14 21:00
2026-02-15 23:00,2026-02-17 22:00,2026-02-18 03:00,48,0.5462,0.8067,1.0,47,72,2026-02-14 22:00
2026-02-15 23:00,2026-02-17 23:00,2026-02-18 04:00,48,0.6159,0.8596,1.0,48,72,2026-02-14 23:00
2026-02-16 23:00,2026-02-18 00:00,2026-02-18 05:00,48,0.8358,0.8427,1.0,25,72,2026-02-15 00:00
2026-02-16 23:00,2026-02-18 01:00,2026-02-18 06:00,48,0.8167,0.8873,1.0,26,72,2026-02-15 01:00
2026-02-16 23:00,2026-02-18 02:00,2026-02-18 07:00,48,0.7234,0.7711,1.0,27,72,2026-02-15 02:00
2026-02-16 23:00,2026-02-18 03:00,2026-02-18 08:00,48,0.912,0.912,1.0,28,72,2026-02-15 03:00
2026-02-16 23:00,2026-02-18 04:00,2026-02-18 09:00,48,0.727,0.7724,1.0,29,72,2026-02-15 04:00
2026-02-16 23:00,2026-02-18 05:00,2026-02-18 10:00,48,0.6867,0.7365,1.0,30,72,2026-02-15 05:00
2026-02-16 23:00,2026-02-18 06:00,2026-02-18 11:00,48,0.6434,0.7346,1.0,31,72,2026-02-15 06:00
2026-02-16 23:00,2026-02-18 07:00,2026-02-18 12:00,48,0.8088,0.8533,1.0,32,72,2026-02-15 07:00
2026-02-16 23:00,2026-02-18 08:00,2026-02-18 13:00,48,0.8259,0.9322,1.0,33,72,2026-02-15 08:00
2026-02-16 23:00,2026-02-18 09:00,2026-02-18 14:00,48,0.5646,0.9322,1.0,34,72,2026-02-15 09:00
2026-02-16 23:00,2026-02-18 10:00,2026-02-18 15:00,48,0.7393,0.9322,1.0,35,72,2026-02-15 10:00
2026-02-16 23:00,2026-02-18 11:00,2026-02-18 16:00,48,0.6122,0.9176,1.0,36,72,2026-02-15 11:00
2026-02-16 23:00,2026-02-18 12:00,2026-02-18 17:00,48,0.3887,0.7426,1.0,37,72,2026-02-15 12:00
2026-02-16 23:00,2026-02-18 13:00,2026-02-18 18:00,48,0.3572,0.7012,1.0,38,72,2026-02-15 13:00
2026-02-16 23:00,2026-02-18 14:00,2026-02-18 19:00,48,0.4538,0.7198,1.0,39,72,2026-02-15 14:00
2026-02-16 23:00,2026-02-18 15:00,2026-02-18 20:00,48,0.3812,0.5846,1.0,40,72,2026-02-15 15:00
2026-02-16 23:00,2026-02-18 16:00,2026-02-18 21:00,48,0.3964,0.5934,1.0,41,72,2026-02-15 16:00
2026-02-16 23:00,2026-02-18 17:00,2026-02-18 22:00,48,0.2367,0.5759,1.0,42,72,2026-02-15 17:00
2026-02-16 23:00,2026-02-18 18:00,2026-02-18 23:00,48,0.4391,0.61,0.9932,43,72,2026-02-15 18:00
2026-02-16 23:00,2026-02-18 19:00,2026-02-19 00:00,48,0.2902,0.6251,1.0,44,72,2026-02-15 19:00
2026-02-16 23:00,2026-02-18 20:00,2026-02-19 01:00,48,0.3743,0.7292,1.0,45,72,2026-02-15 20:00
2026-02-16 23:00,2026-02-18 21:00,2026-02-19 02:00,48,0.5773,0.8021,1.0,46,72,2026-02-15 21:00
2026-02-16 23:00,2026-02-18 22:00,2026-02-19 03:00,48,0.6904,0.7743,1.0,47,72,2026-02-15 22:00
2026-02-16 23:00,2026-02-18 23:00,2026-02-19 04:00,48,0.248,0.6063,0.9991,48,72,2026-02-15 23:00
2026-02-17 23:00,2026-02-19 00:00,2026-02-19 05:00,48,0.1986,0.449,0.9559,25,72,2026-02-16 00:00
2026-02-17 23:00,2026-02-19 01:00,2026-02-19 06:00,48,0.0,0.3283,0.9454,26,72,2026-02-16 01:00
2026-02-17 23:00,2026-02-19 02:00,2026-02-19 07:00,48,0.0536,0.2731,1.0,27,72,2026-02-16 02:00
2026-02-17 23:00,2026-02-19 03:00,2026-02-19 08:00,48,0.2059,0.3724,1.0,28,72,2026-02-16 03:00
2026-02-17 23:00,2026-02-19 04:00,2026-02-19 09:00,48,0.0908,0.3259,0.9307,29,72,2026-02-16 04:00
2026-02-17 23:00,2026-02-19 05:00,2026-02-19 10:00,48,0.2604,0.4193,0.9823,30,72,2026-02-16 05:00
2026-02-17 23:00,2026-02-19 06:00,2026-02-19 11:00,48,0.0567,0.8356,0.9039,31,72,2026-02-16 06:00
2026-02-17 23:00,2026-02-19 07:00,2026-02-19 12:00,48,0.0263,0.6268,0.9376,32,72,2026-02-16 07:00
2026-02-17 23:00,2026-02-19 08:00,2026-02-19 13:00,48,0.0,0.4789,0.7808,33,72,2026-02-16 08:00
2026-02-17 23:00,2026-02-19 09:00,2026-02-19 14:00,48,0.0,0.3496,0.5905,34,72,2026-02-16 09:00
2026-02-17 23:00,2026-02-19 10:00,2026-02-19 15:00,48,0.0,0.3002,0.5851,35,72,2026-02-16 10:00
2026-02-17 23:00,2026-02-19 11:00,2026-02-19 16:00,48,0.0,0.3746,0.5519,36,72,2026-02-16 11:00
2026-02-17 23:00,2026-02-19 12:00,2026-02-19 17:00,48,0.0,0.3278,0.6181,37,72,2026-02-16 12:00
2026-02-17 23:00,2026-02-19 13:00,2026-02-19 18:00,48,0.0,0.4346,0.6494,38,72,2026-02-16 13:00
2026-02-17 23:00,2026-02-19 14:00,2026-02-19 19:00,48,0.0,0.1637,0.6172,39,72,2026-02-16 14:00
2026-02-17 23:00,2026-02-19 15:00,2026-02-19 20:00,48,0.0,0.1918,0.709,40,72,2026-02-16 15:00
2026-02-17 23:00,2026-02-19 16:00,2026-02-19 21:00,48,0.0,0.2946,0.8105,41,72,2026-02-16 16:00
2026-02-17 23:00,2026-02-19 17:00,2026-02-19 22:00,48,0.029,0.3673,0.9363,42,72,2026-02-16 17:00
2026-02-17 23:00,2026-02-19 18:00,2026-02-19 23:00,48,0.1045,0.5268,0.9491,43,72,2026-02-16 18:00
2026-02-17 23:00,2026-02-19 19:00,2026-02-20 00:00,48,0.1108,0.4573,0.9637,44,72,2026-02-16 19:00
2026-02-17 23:00,2026-02-19 20:00,2026-02-20 01:00,48,0.1111,0.5305,0.9518,45,72,2026-02-16 20:00
2026-02-17 23:00,2026-02-19 21:00,2026-02-20 02:00,48,0.135,0.493,0.9793,46,72,2026-02-16 21:00
2026-02-17 23:00,2026-02-19 22:00,2026-02-20 03:00,48,0.1204,0.5074,0.9544,47,72,2026-02-16 22:00
2026-02-17 23:00,2026-02-19 23:00,2026-02-20 04:00,48,0.1006,0.483,0.9647,48,72,2026-02-16 23:00
2026-02-18 23:00,2026-02-20 00:00,2026-02-20 05:00,48,0.3053,0.7393,1.0,25,72,2026-02-17 00:00
2026-02-18 23:00,2026-02-20 01:00,2026-02-20 06:00,48,0.4056,0.7573,1.0,26,72,2026-02-17 01:00
2026-02-18 23:00,2026-02-20 02:00,2026-02-20 07:00,48,0.3515,0.7151,1.0,27,72,2026-02-17 02:00
2026-02-18 23:00,2026-02-20 03:00,2026-02-20 08:00,48,0.2248,0.648,1.0,28,72,2026-02-17 03:00
2026-02-18 23:00,2026-02-20 04:00,2026-02-20 09:00,48,0.0323,0.3994,0.9047,29,72,2026-02-17 04:00
2026-02-18 23:00,2026-02-20 05:00,2026-02-20 10:00,48,0.0,0.2725,0.7813,30,72,2026-02-17 05:00
2026-02-18 23:00,2026-02-20 06:00,2026-02-20 11:00,48,0.0,0.1821,0.732,31,72,2026-02-17 06:00
2026-02-18 23:00,2026-02-20 07:00,2026-02-20 12:00,48,0.0,0.2267,0.6136,32,72,2026-02-17 07:00
2026-02-18 23:00,2026-02-20 08:00,2026-02-20 13:00,48,0.0,0.2432,0.5447,33,72,2026-02-17 08:00
2026-02-18 23:00,2026-02-20 09:00,2026-02-20 14:00,48,0.0,0.2822,0.5172,34,72,2026-02-17 09:00
2026-02-18 23:00,2026-02-20 10:00,2026-02-20 15:00,48,0.0,0.1876,0.5897,35,72,2026-02-17 10:00
2026-02-18 23:00,2026-02-20 11:00,2026-02-20 16:00,48,0.0,0.1987,0.5999,36,72,2026-02-17 11:00
2026-02-18 23:00,2026-02-20 12:00,2026-02-20 17:00,48,0.0,0.28,0.5325,37,72,2026-02-17 12:00
2026-02-18 23:00,2026-02-20 13:00,2026-02-20 18:00,48,0.0185,0.476,0.8947,38,72,2026-02-17 13:00
2026-02-18 23:00,2026-02-20 14:00,2026-02-20 19:00,48,0.0326,0.5789,0.9494,39,72,2026-02-17 14:00
2026-02-18 23:00,2026-02-20 15:00,2026-02-20 20:00,48,0.224,0.6004,0.9943,40,72,2026-02-17 15:00
2026-02-18 23:00,2026-02-20 16:00,2026-02-20 21:00,48,0.5245,0.7915,1.0,41,72,2026-02-17 16:00
2026-02-18 23:00,2026-02-20 17:00,2026-02-20 22:00,48,0.6809,0.8534,1.0,42,72,2026-02-17 17:00
2026-02-18 23:00,2026-02-20 18:00,2026-02-20 23:00,48,0.7161,0.8105,1.0,43,72,2026-02-17 18:00
2026-02-18 23:00,2026-02-20 19:00,2026-02-21 00:00,48,0.7703,0.8004,1.0,44,72,2026-02-17 19:00
2026-02-18 23:00,2026-02-20 20:00,2026-02-21 01:00,48,0.7974,0.8035,1.0,45,72,2026-02-17 20:00
2026-02-18 23:00,2026-02-20 21:00,2026-02-21 02:00,48,0.6063,0.746,1.0,46,72,2026-02-17 21:00
2026-02-18 23:00,2026-02-20 22:00,2026-02-21 03:00,48,0.494,0.7578,1.0,47,72,2026-02-17 22:00
2026-02-18 23:00,2026-02-20 23:00,2026-02-21 04:00,48,0.1304,0.5218,0.9833,48,72,2026-02-17 23:00
2026-02-19 23:00,2026-02-21 00:00,2026-02-21 05:00,48,0.0304,0.2429,0.8489,25,72,2026-02-18 00:00
2026-02-19 23:00,2026-02-21 01:00,2026-02-21 06:00,48,0.0413,0.1949,0.839,26,72,2026-02-18 01:00
2026-02-19 23:00,2026-02-21 02:00,2026-02-21 07:00,48,0.0154,0.2152,0.9012,27,72,2026-02-18 02:00
2026-02-19 23:00,2026-02-21 03:00,2026-02-21 08:00,48,0.0,0.3086,0.8851,28,72,2026-02-18 03:00
2026-02-19 23:00,2026-02-21 04:00,2026-02-21 09:00,48,0.0228,0.4158,0.9523,29,72,2026-02-18 04:00
2026-02-19 23:00,2026-02-21 05:00,2026-02-21 10:00,48,0.1976,0.5038,0.945,30,72,2026-02-18 05:00
2026-02-19 23:00,2026-02-21 06:00,2026-02-21 11:00,48,0.1834,0.3819,0.9247,31,72,2026-02-18 06:00
2026-02-19 23:00,2026-02-21 07:00,2026-02-21 12:00,48,0.389,0.5203,0.976,32,72,2026-02-18 07:00
2026-02-19 23:00,2026-02-21 08:00,2026-02-21 13:00,48,0.2407,0.5144,0.9896,33,72,2026-02-18 08:00
2026-02-19 23:00,2026-02-21 09:00,2026-02-21 14:00,48,0.2715,0.6015,0.9961,34,72,2026-02-18 09:00
2026-02-19 23:00,2026-02-21 10:00,2026-02-21 15:00,48,0.2733,0.6721,0.9897,35,72,2026-02-18 10:00
2026-02-19 23:00,2026-02-21 11:00,2026-02-21 16:00,48,0.3218,0.7339,1.0,36,72,2026-02-18 11:00
2026-02-19 23:00,2026-02-21 12:00,2026-02-21 17:00,48,0.4585,0.7112,1.0,37,72,2026-02-18 12:00
2026-02-19 23:00,2026-02-21 13:00,2026-02-21 18:00,48,0.6609,0.828,1.0,38,72,2026-02-18 13:00
2026-02-19 23:00,2026-02-21 14:00,2026-02-21 19:00,48,0.5058,0.806,1.0,39,72,2026-02-18 14:00
2026-02-19 23:00,2026-02-21 15:00,2026-02-21 20:00,48,0.5235,0.7859,1.0,40,72,2026-02-18 15:00
2026-02-19 23:00,2026-02-21 16:00,2026-02-21 21:00,48,0.4496,0.7016,0.9982,41,72,2026-02-18 16:00
2026-02-19 23:00,2026-02-21 17:00,2026-02-21 22:00,48,0.2613,0.6473,1.0,42,72,2026-02-18 17:00
2026-02-19 23:00,2026-02-21 18:00,2026-02-21 23:00,48,0.2309,0.6461,1.0,43,72,2026-02-18 18:00
2026-02-19 23:00,2026-02-21 19:00,2026-02-22 00:00,48,0.0767,0.3884,0.924,44,72,2026-02-18 19:00
2026-02-19 23:00,2026-02-21 20:00,2026-02-22 01:00,48,0.0163,0.3867,0.8849,45,72,2026-02-18 20:00
2026-02-19 23:00,2026-02-21 21:00,2026-02-22 02:00,48,0.0302,0.4645,0.9889,46,72,2026-02-18 21:00
2026-02-19 23:00,2026-02-21 22:00,2026-02-22 03:00,48,0.0455,0.5412,1.0,47,72,2026-02-18 22:00
2026-02-19 23:00,2026-02-21 23:00,2026-02-22 04:00,48,0.0478,0.4092,0.896,48,72,2026-02-18 23:00
2026-02-20 23:00,2026-02-22 00:00,2026-02-22 05:00,48,0.0,0.0833,0.5555,25,72,2026-02-19 00:00
2026-02-20 23:00,2026-02-22 01:00,2026-02-22 06:00,48,0.0,0.0622,0.5343,26,72,2026-02-19 01:00
2026-02-20 23:00,2026-02-22 02:00,2026-02-22 07:00,48,0.0,0.0229,0.4926,27,72,2026-02-19 02:00
2026-02-20 23:00,2026-02-22 03:00,2026-02-22 08:00,48,0.0,0.0105,0.4558,28,72,2026-02-19 03:00
2026-02-20 23:00,2026-02-22 04:00,2026-02-22 09:00,48,0.0,0.0125,0.2548,29,72,2026-02-19 04:00
2026-02-20 23:00,2026-02-22 05:00,2026-02-22 10:00,48,0.0,0.0314,0.3043,30,72,2026-02-19 05:00
2026-02-20 23:00,2026-02-22 06:00,2026-02-22 11:00,48,0.0,0.1154,0.5053,31,72,2026-02-19 06:00
2026-02-20 23:00,2026-02-22 07:00,2026-02-22 12:00,48,0.0,0.2091,0.697,32,72,2026-02-19 07:00
2026-02-20 23:00,2026-02-22 08:00,2026-02-22 13:00,48,0.0147,0.4603,1.0,33,72,2026-02-19 08:00
2026-02-20 23:00,2026-02-22 09:00,2026-02-22 14:00,48,0.0774,0.5475,1.0,34,72,2026-02-19 09:00
2026-02-20 23:00,2026-02-22 10:00,2026-02-22 15:00,48,0.2535,0.8002,1.0,35,72,2026-02-19 10:00
2026-02-20 23:00,2026-02-22 11:00,2026-02-22 16:00,48,0.3795,0.7101,1.0,36,72,2026-02-19 11:00
2026-02-20 23:00,2026-02-22 12:00,2026-02-22 17:00,48,0.3826,0.7371,1.0,37,72,2026-02-19 12:00
2026-02-20 23:00,2026-02-22 13:00,2026-02-22 18:00,48,0.5054,0.796,1.0,38,72,2026-02-19 13:00
2026-02-20 23:00,2026-02-22 14:00,2026-02-22 19:00,48,0.4322,0.7316,1.0,39,72,2026-02-19 14:00
2026-02-20 23:00,2026-02-22 15:00,2026-02-22 20:00,48,0.4203,0.6584,1.0,40,72,2026-02-19 15:00
2026-02-20 23:00,2026-02-22 16:00,2026-02-22 21:00,48,0.383,0.6893,1.0,41,72,2026-02-19 16:00
2026-02-20 23:00,2026-02-22 17:00,2026-02-22 22:00,48,0.6002,0.7318,1.0,42,72,2026-02-19 17:00
2026-02-20 23:00,2026-02-22 18:00,2026-02-22 23:00,48,0.2537,0.5466,1.0,43,72,2026-02-19 18:00
2026-02-20 23:00,2026-02-22 19:00,2026-02-23 00:00,48,0.2121,0.569,0.9988,44,72,2026-02-19 19:00
2026-02-20 23:00,2026-02-22 20:00,2026-02-23 01:00,48,0.1099,0.4381,1.0,45,72,2026-02-19 20:00
2026-02-20 23:00,2026-02-22 21:00,2026-02-23 02:00,48,0.0756,0.4093,0.9627,46,72,2026-02-19 21:00
2026-02-20 23:00,2026-02-22 22:00,2026-02-23 03:00,48,0.0014,0.2412,0.9471,47,72,2026-02-19 22:00
2026-02-20 23:00,2026-02-22 23:00,2026-02-23 04:00,48,0.0,0.3905,0.8335,48,72,2026-02-19 23:00
2026-02-21 23:00,2026-02-23 00:00,2026-02-23 05:00,48,0.0,0.0031,0.4439,25,72,2026-02-20 00:00
2026-02-21 23:00,2026-02-23 01:00,2026-02-23 06:00,48,0.0,0.0,0.3113,26,72,2026-02-20 01:00
2026-02-21 23:00,2026-02-23 02:00,2026-02-23 07:00,48,0.0,0.0089,0.2505,27,72,2026-02-20 02:00
2026-02-21 23:00,2026-02-23 03:00,2026-02-23 08:00,48,0.0,0.0477,0.1865,28,72,2026-02-20 03:00
2026-02-21 23:00,2026-02-23 04:00,2026-02-23 09:00,48,0.0,0.0413,0.3142,29,72,2026-02-20 04:00
2026-02-21 23:00,2026-02-23 05:00,2026-02-23 10:00,48,0.0,0.0405,0.4389,30,72,2026-02-20 05:00
2026-02-21 23:00,2026-02-23 06:00,2026-02-23 11:00,48,0.0,0.1104,0.5804,31,72,2026-02-20 06:00
2026-02-21 23:00,2026-02-23 07:00,2026-02-23 12:00,48,0.0,0.3682,0.8091,32,72,2026-02-20 07:00
2026-02-21 23:00,2026-02-23 08:00,2026-02-23 13:00,48,0.0034,0.4224,1.0,33,72,2026-02-20 08:00
2026-02-21 23:00,2026-02-23 09:00,2026-02-23 14:00,48,0.0784,0.397,0.9668,34,72,2026-02-20 09:00
2026-02-21 23:00,2026-02-23 10:00,2026-02-23 15:00,48,0.095,0.4328,0.9906,35,72,2026-02-20 10:00
2026-02-21 23:00,2026-02-23 11:00,2026-02-23 16:00,48,0.1031,0.458,0.9628,36,72,2026-02-20 11:00
2026-02-21 23:00,2026-02-23 12:00,2026-02-23 17:00,48,0.0742,0.5515,1.0,37,72,2026-02-20 12:00
2026-02-21 23:00,2026-02-23 13:00,2026-02-23 18:00,48,0.0882,0.5297,0.9486,38,72,2026-02-20 13:00
2026-02-21 23:00,2026-02-23 14:00,2026-02-23 19:00,48,0.212,0.6572,0.9854,39,72,2026-02-20 14:00
2026-02-21 23:00,2026-02-23 15:00,2026-02-23 20:00,48,0.3095,0.634,1.0,40,72,2026-02-20 15:00
2026-02-21 23:00,2026-02-23 16:00,2026-02-23 21:00,48,0.336,0.6936,1.0,41,72,2026-02-20 16:00
2026-02-21 23:00,2026-02-23 17:00,2026-02-23 22:00,48,0.4664,0.7126,0.9941,42,72,2026-02-20 17:00
2026-02-21 23:00,2026-02-23 18:00,2026-02-23 23:00,48,0.4125,0.6858,0.9932,43,72,2026-02-20 18:00
2026-02-21 23:00,2026-02-23 19:00,2026-02-24 00:00,48,0.4936,0.7734,1.0,44,72,2026-02-20 19:00
2026-02-21 23:00,2026-02-23 20:00,2026-02-24 01:00,48,0.3456,0.6904,0.9977,45,72,2026-02-20 20:00
2026-02-21 23:00,2026-02-23 21:00,2026-02-24 02:00,48,0.4605,0.8586,0.9833,46,72,2026-02-20 21:00
2026-02-21 23:00,2026-02-23 22:00,2026-02-24 03:00,48,0.5524,0.7921,0.9886,47,72,2026-02-20 22:00
2026-02-21 23:00,2026-02-23 23:00,2026-02-24 04:00,48,0.5794,0.7299,0.9902,48,72,2026-02-20 23:00
2026-02-22 23:00,2026-02-24 00:00,2026-02-24 05:00,48,0.4114,0.7226,0.9875,25,72,2026-02-21 00:00
2026-02-22 23:00,2026-02-24 01:00,2026-02-24 06:00,48,0.3933,0.6828,0.975,26,72,2026-02-21 01:00
2026-02-22 23:00,2026-02-24 02:00,2026-02-24 07:00,48,0.2535,0.5744,0.9683,27,72,2026-02-21 02:00
2026-02-22 23:00,2026-02-24 03:00,2026-02-24 08:00,48,0.1536,0.5815,0.9143,28,72,2026-02-21 03:00
2026-02-22 23:00,2026-02-24 04:00,2026-02-24 09:00,48,0.0515,0.4093,0.9537,29,72,2026-02-21 04:00
2026-02-22 23:00,2026-02-24 05:00,2026-02-24 10:00,48,0.0,0.3312,0.9514,30,72,2026-02-21 05:00
2026-02-22 23:00,2026-02-24 06:00,2026-02-24 11:00,48,0.0,0.2635,0.9125,31,72,2026-02-21 06:00
2026-02-22 23:00,2026-02-24 07:00,2026-02-24 12:00,48,0.0,0.2933,0.9024,32,72,2026-02-21 07:00
2026-02-22 23:00,2026-02-24 08:00,2026-02-24 13:00,48,0.0,0.2657,0.9232,33,72,2026-02-21 08:00
2026-02-22 23:00,2026-02-24 09:00,2026-02-24 14:00,48,0.0,0.1742,0.9313,34,72,2026-02-21 09:00
2026-02-22 23:00,2026-02-24 10:00,2026-02-24 15:00,48,0.0376,0.2267,0.9594,35,72,2026-02-21 10:00
2026-02-22 23:00,2026-02-24 11:00,2026-02-24 16:00,48,0.0379,0.2765,0.95,36,72,2026-02-21 11:00
2026-02-22 23:00,2026-02-24 12:00,2026-02-24 17:00,48,0.0499,0.2779,0.9295,37,72,2026-02-21 12:00
2026-02-22 23:00,2026-02-24 13:00,2026-02-24 18:00,48,0.0676,0.308,0.8491,38,72,2026-02-21 13:00
2026-02-22 23:00,2026-02-24 14:00,2026-02-24 19:00,48,0.0361,0.2508,0.8434,39,72,2026-02-21 14:00
2026-02-22 23:00,2026-02-24 15:00,2026-02-24 20:00,48,0.0019,0.1678,0.6557,40,72,2026-02-21 15:00
2026-02-22 23:00,2026-02-24 16:00,2026-02-24 21:00,48,0.0,0.1077,0.5739,41,72,2026-02-21 16:00
2026-02-22 23:00,2026-02-24 17:00,2026-02-24 22:00,48,0.0,0.0871,0.4826,42,72,2026-02-21 17:00
2026-02-22 23:00,2026-02-24 18:00,2026-02-24 23:00,48,0.0,0.0572,0.4247,43,72,2026-02-21 18:00
2026-02-22 23:00,2026-02-24 19:00,2026-02-25 00:00,48,0.0,0.049,0.3848,44,72,2026-02-21 19:00
2026-02-22 23:00,2026-02-24 20:00,2026-02-25 01:00,48,0.0,0.056,0.4264,45,72,2026-02-21 20:00
2026-02-22 23:00,2026-02-24 21:00,2026-02-25 02:00,48,0.0,0.0823,0.5624,46,72,2026-02-21 21:00
2026-02-22 23:00,2026-02-24 22:00,2026-02-25 03:00,48,0.0,0.1522,0.6068,47,72,2026-02-21 22:00
2026-02-22 23:00,2026-02-24 23:00,2026-02-25 04:00,48,0.0,0.1695,0.5739,48,72,2026-02-21 23:00
2026-02-23 23:00,2026-02-25 00:00,2026-02-25 05:00,48,0.0,0.0561,0.4242,25,72,2026-02-22 00:00
2026-02-23 23:00,2026-02-25 01:00,2026-02-25 06:00,48,0.0,0.0938,0.5001,26,72,2026-02-22 01:00
2026-02-23 23:00,2026-02-25 02:00,2026-02-25 07:00,48,0.0,0.0,0.4573,27,72,2026-02-22 02:00
2026-02-23 23:00,2026-02-25 03:00,2026-02-25 08:00,48,0.0,0.1691,0.7371,28,72,2026-02-22 03:00
2026-02-23 23:00,2026-02-25 04:00,2026-02-25 09:00,48,0.0,0.3234,0.9443,29,72,2026-02-22 04:00
2026-02-23 23:00,2026-02-25 05:00,2026-02-25 10:00,48,0.0489,0.4356,0.9949,30,72,2026-02-22 05:00
2026-02-23 23:00,2026-02-25 06:00,2026-02-25 11:00,48,0.1778,0.5786,1.0,31,72,2026-02-22 06:00
2026-02-23 23:00,2026-02-25 07:00,2026-02-25 12:00,48,0.1902,0.6132,1.0,32,72,2026-02-22 07:00
2026-02-23 23:00,2026-02-25 08:00,2026-02-25 13:00,48,0.1794,0.643,1.0,33,72,2026-02-22 08:00
2026-02-23 23:00,2026-02-25 09:00,2026-02-25 14:00,48,0.1211,0.6564,1.0,34,72,2026-02-22 09:00
2026-02-23 23:00,2026-02-25 10:00,2026-02-25 15:00,48,0.0751,0.543,0.9554,35,72,2026-02-22 10:00
2026-02-23 23:00,2026-02-25 11:00,2026-02-25 16:00,48,0.0724,0.4844,0.9126,36,72,2026-02-22 11:00
2026-02-23 23:00,2026-02-25 12:00,2026-02-25 17:00,48,0.061,0.5655,1.0,37,72,2026-02-22 12:00
2026-02-23 23:00,2026-02-25 13:00,2026-02-25 18:00,48,0.0802,0.6029,1.0,38,72,2026-02-22 13:00
2026-02-23 23:00,2026-02-25 14:00,2026-02-25 19:00,48,0.0647,0.561,1.0,39,72,2026-02-22 14:00
2026-02-23 23:00,2026-02-25 15:00,2026-02-25 20:00,48,0.0624,0.4824,0.9708,40,72,2026-02-22 15:00
2026-02-23 23:00,2026-02-25 16:00,2026-02-25 21:00,48,0.109,0.5567,0.9817,41,72,2026-02-22 16:00
2026-02-23 23:00,2026-02-25 17:00,2026-02-25 22:00,48,0.3203,0.6887,1.0,42,72,2026-02-22 17:00
2026-02-23 23:00,2026-02-25 18:00,2026-02-25 23:00,48,0.9506,0.9506,1.0,43,72,2026-02-22 18:00
2026-02-23 23:00,2026-02-25 19:00,2026-02-26 00:00,48,0.9651,0.9651,1.0,44,72,2026-02-22 19:00
2026-02-23 23:00,2026-02-25 20:00,2026-02-26 01:00,48,0.9688,0.9688,1.0,45,72,2026-02-22 20:00
2026-02-23 23:00,2026-02-25 21:00,2026-02-26 02:00,48,0.9725,0.9725,1.0,46,72,2026-02-22 21:00
2026-02-23 23:00,2026-02-25 22:00,2026-02-26 03:00,48,0.946,0.946,1.0,47,72,2026-02-22 22:00
2026-02-23 23:00,2026-02-25 23:00,2026-02-26 04:00,48,0.9465,0.9465,1.0,48,72,2026-02-22 23:00
2026-02-24 23:00,2026-02-26 00:00,2026-02-26 05:00,48,0.7599,0.7943,1.0,25,72,2026-02-23 00:00
2026-02-24 23:00,2026-02-26 01:00,2026-02-26 06:00,48,0.7989,0.7989,1.0,26,72,2026-02-23 01:00
2026-02-24 23:00,2026-02-26 02:00,2026-02-26 07:00,48,0.2999,0.3742,1.0,27,72,2026-02-23 02:00
2026-02-24 23:00,2026-02-26 03:00,2026-02-26 08:00,48,0.0087,0.5927,0.8762,28,72,2026-02-23 03:00
2026-02-24 23:00,2026-02-26 04:00,2026-02-26 09:00,48,0.0,0.199,0.8281,29,72,2026-02-23 04:00
2026-02-24 23:00,2026-02-26 05:00,2026-02-26 10:00,48,0.0014,0.0918,0.7781,30,72,2026-02-23 05:00
2026-02-24 23:00,2026-02-26 06:00,2026-02-26 11:00,48,0.0,0.2424,0.7531,31,72,2026-02-23 06:00
2026-02-24 23:00,2026-02-26 07:00,2026-02-26 12:00,48,0.0272,0.1389,0.7472,32,72,2026-02-23 07:00
2026-02-24 23:00,2026-02-26 08:00,2026-02-26 13:00,48,0.0304,0.2623,0.7453,33,72,2026-02-23 08:00
2026-02-24 23:00,2026-02-26 09:00,2026-02-26 14:00,48,0.0336,0.3163,0.8709,34,72,2026-02-23 09:00
2026-02-24 23:00,2026-02-26 10:00,2026-02-26 15:00,48,0.1231,0.4428,0.9232,35,72,2026-02-23 10:00
2026-02-24 23:00,2026-02-26 11:00,2026-02-26 16:00,48,0.2215,0.5068,0.9751,36,72,2026-02-23 11:00
2026-02-24 23:00,2026-02-26 12:00,2026-02-26 17:00,48,0.4846,0.7925,1.0,37,72,2026-02-23 12:00
2026-02-24 23:00,2026-02-26 13:00,2026-02-26 18:00,48,0.6785,0.915,1.0,38,72,2026-02-23 13:00
2026-02-24 23:00,2026-02-26 14:00,2026-02-26 19:00,48,0.7803,0.9322,1.0,39,72,2026-02-23 14:00
2026-02-24 23:00,2026-02-26 15:00,2026-02-26 20:00,48,0.8447,0.9322,1.0,40,72,2026-02-23 15:00
2026-02-24 23:00,2026-02-26 16:00,2026-02-26 21:00,48,0.7483,0.9322,1.0,41,72,2026-02-23 16:00
2026-02-24 23:00,2026-02-26 17:00,2026-02-26 22:00,48,0.5753,0.7851,1.0,42,72,2026-02-23 17:00
2026-02-24 23:00,2026-02-26 18:00,2026-02-26 23:00,48,0.2458,0.7689,1.0,43,72,2026-02-23 18:00
2026-02-24 23:00,2026-02-26 19:00,2026-02-27 00:00,48,0.3791,0.7481,1.0,44,72,2026-02-23 19:00
2026-02-24 23:00,2026-02-26 20:00,2026-02-27 01:00,48,0.3543,0.7239,1.0,45,72,2026-02-23 20:00
2026-02-24 23:00,2026-02-26 21:00,2026-02-27 02:00,48,0.2373,0.6907,1.0,46,72,2026-02-23 21:00
2026-02-24 23:00,2026-02-26 22:00,2026-02-27 03:00,48,0.226,0.6627,1.0,47,72,2026-02-23 22:00
2026-02-24 23:00,2026-02-26 23:00,2026-02-27 04:00,48,0.2697,0.6732,0.998,48,72,2026-02-23 23:00
2026-02-25 23:00,2026-02-27 00:00,2026-02-27 05:00,48,0.1126,0.5471,0.9975,25,72,2026-02-24 00:00
2026-02-25 23:00,2026-02-27 01:00,2026-02-27 06:00,48,0.108,0.584,0.9676,26,72,2026-02-24 01:00
2026-02-25 23:00,2026-02-27 02:00,2026-02-27 07:00,48,0.1003,0.4937,0.9627,27,72,2026-02-24 02:00
2026-02-25 23:00,2026-02-27 03:00,2026-02-27 08:00,48,0.137,0.4342,0.972,28,72,2026-02-24 03:00
2026-02-25 23:00,2026-02-27 04:00,2026-02-27 09:00,48,0.161,0.4591,0.9819,29,72,2026-02-24 04:00
2026-02-25 23:00,2026-02-27 05:00,2026-02-27 10:00,48,0.1918,0.4827,0.9486,30,72,2026-02-24 05:00
2026-02-25 23:00,2026-02-27 06:00,2026-02-27 11:00,48,0.0786,0.4517,0.9459,31,72,2026-02-24 06:00
2026-02-25 23:00,2026-02-27 07:00,2026-02-27 12:00,48,0.0745,0.4328,0.9585,32,72,2026-02-24 07:00
2026-02-25 23:00,2026-02-27 08:00,2026-02-27 13:00,48,0.07,0.4997,0.9334,33,72,2026-02-24 08:00
2026-02-25 23:00,2026-02-27 09:00,2026-02-27 14:00,48,0.1191,0.538,0.9415,34,72,2026-02-24 09:00
2026-02-25 23:00,2026-02-27 10:00,2026-02-27 15:00,48,0.2757,0.6595,0.9893,35,72,2026-02-24 10:00
2026-02-25 23:00,2026-02-27 11:00,2026-02-27 16:00,48,0.5111,0.7621,0.994,36,72,2026-02-24 11:00
2026-02-25 23:00,2026-02-27 12:00,2026-02-27 17:00,48,0.678,0.7237,0.9876,37,72,2026-02-24 12:00
2026-02-25 23:00,2026-02-27 13:00,2026-02-27 18:00,48,0.7308,0.7488,0.9797,38,72,2026-02-24 13:00
2026-02-25 23:00,2026-02-27 14:00,2026-02-27 19:00,48,0.818,0.8393,0.9905,39,72,2026-02-24 14:00
2026-02-25 23:00,2026-02-27 15:00,2026-02-27 20:00,48,0.6804,0.8664,0.9946,40,72,2026-02-24 15:00
2026-02-25 23:00,2026-02-27 16:00,2026-02-27 21:00,48,0.6536,0.9154,0.9835,41,72,2026-02-24 16:00
2026-02-25 23:00,2026-02-27 17:00,2026-02-27 22:00,48,0.4699,0.916,0.9838,42,72,2026-02-24 17:00
2026-02-25 23:00,2026-02-27 18:00,2026-02-27 23:00,48,0.27,0.7463,0.9172,43,72,2026-02-24 18:00
2026-02-25 23:00,2026-02-27 19:00,2026-02-28 00:00,48,0.229,0.6623,0.9134,44,72,2026-02-24 19:00
2026-02-25 23:00,2026-02-27 20:00,2026-02-28 01:00,48,0.2082,0.7516,0.9284,45,72,2026-02-24 20:00
2026-02-25 23:00,2026-02-27 21:00,2026-02-28 02:00,48,0.1308,0.6212,0.8928,46,72,2026-02-24 21:00
2026-02-25 23:00,2026-02-27 22:00,2026-02-28 03:00,48,0.1208,0.6433,0.9019,47,72,2026-02-24 22:00
2026-02-25 23:00,2026-02-27 23:00,2026-02-28 04:00,48,0.1011,0.7293,0.9077,48,72,2026-02-24 23:00
2026-02-26 23:00,2026-02-28 00:00,2026-02-28 05:00,48,0.293,0.7144,0.972,25,72,2026-02-25 00:00
2026-02-26 23:00,2026-02-28 01:00,2026-02-28 06:00,48,0.2044,0.6301,0.9629,26,72,2026-02-25 01:00
2026-02-26 23:00,2026-02-28 02:00,2026-02-28 07:00,48,0.2165,0.6078,0.962,27,72,2026-02-25 02:00
2026-02-26 23:00,2026-02-28 03:00,2026-02-28 08:00,48,0.2183,0.5761,0.9671,28,72,2026-02-25 03:00
2026-02-26 23:00,2026-02-28 04:00,2026-02-28 09:00,48,0.277,0.7183,0.9747,29,72,2026-02-25 04:00
2026-02-26 23:00,2026-02-28 05:00,2026-02-28 10:00,48,0.1897,0.6665,0.9481,30,72,2026-02-25 05:00
2026-02-26 23:00,2026-02-28 06:00,2026-02-28 11:00,48,0.3371,0.5898,0.9623,31,72,2026-02-25 06:00
2026-02-26 23:00,2026-02-28 07:00,2026-02-28 12:00,48,0.2979,0.6018,0.9668,32,72,2026-02-25 07:00
2026-02-26 23:00,2026-02-28 08:00,2026-02-28 13:00,48,0.2287,0.6327,0.9845,33,72,2026-02-25 08:00
2026-02-26 23:00,2026-02-28 09:00,2026-02-28 14:00,48,0.228,0.7442,0.9871,34,72,2026-02-25 09:00
2026-02-26 23:00,2026-02-28 10:00,2026-02-28 15:00,48,0.1965,0.7576,0.9688,35,72,2026-02-25 10:00
2026-02-26 23:00,2026-02-28 11:00,2026-02-28 16:00,48,0.2056,0.7111,0.9468,36,72,2026-02-25 11:00
2026-02-26 23:00,2026-02-28 12:00,2026-02-28 17:00,48,0.2315,0.7955,0.927,37,72,2026-02-25 12:00
2026-02-26 23:00,2026-02-28 13:00,2026-02-28 18:00,48,0.1613,0.7246,0.9395,38,72,2026-02-25 13:00
2026-02-26 23:00,2026-02-28 14:00,2026-02-28 19:00,48,0.1107,0.664,0.9344,39,72,2026-02-25 14:00
2026-02-26 23:00,2026-02-28 15:00,2026-02-28 20:00,48,0.0612,0.6136,1.0,40,72,2026-02-25 15:00
2026-02-26 23:00,2026-02-28 16:00,2026-02-28 21:00,48,0.034,0.3888,0.7231,41,72,2026-02-25 16:00
2026-02-26 23:00,2026-02-28 17:00,2026-02-28 22:00,48,0.0016,0.4067,0.7449,42,72,2026-02-25 17:00
2026-02-26 23:00,2026-02-28 18:00,2026-02-28 23:00,48,0.1277,0.3401,0.9247,43,72,2026-02-25 18:00
2026-02-26 23:00,2026-02-28 19:00,2026-03-01 00:00,48,0.0954,0.4744,0.6641,44,72,2026-02-25 19:00
2026-02-26 23:00,2026-02-28 20:00,2026-03-01 01:00,48,0.0327,0.4259,0.5342,45,72,2026-02-25 20:00
2026-02-26 23:00,2026-02-28 21:00,2026-03-01 02:00,48,0.018,0.4248,0.5465,46,72,2026-02-25 21:00
2026-02-26 23:00,2026-02-28 22:00,2026-03-01 03:00,48,0.0345,0.4625,0.5303,47,72,2026-02-25 22:00
2026-02-26 23:00,2026-02-28 23:00,2026-03-01 04:00,48,0.0004,0.3611,0.5266,48,72,2026-02-25 23:00
